[
  {
    "name": "Ecole Bergers",
    "Categorie": "Ecoles maternelles",
    "Adresse 1": "11 rue Perrin Solliers",
    "Adresse 2": "",
    "Code Postal": 13006,
    "Ville": "Marseille",
    "Numero de telephone": "04 91 47 63 62",
    "Email": "ecole.mat.bergers@cime.org",
    "Longitude": 5.38485384024201,
    "Latitude": 43.2909458085538
  },
  {
    "name": "Ecole Bernard Cadenat",
    "Categorie": "Ecoles maternelles",
    "Adresse 1": "rue Jobin",
    "Adresse 2": "",
    "Code Postal": 13003,
    "Ville": "Marseille",
    "Numero de telephone": "04 91 95 14 52",
    "Email": "ecole.mat.jobin@cime.org",
    "Longitude": 5.38789161494576,
    "Latitude": 43.3119096730038
  },
  {
    "name": "Ecole Fiolle-Breteuil",
    "Categorie": "Ecoles maternelles",
    "Adresse 1": "80 rue du Docteur Jean Fiolle",
    "Adresse 2": "",
    "Code Postal": 13006,
    "Ville": "Marseille",
    "Numero de telephone": "04 91 37 58 29",
    "Email": "ecole.mat.jeanfiolle@cime.org",
    "Longitude": 5.37858770889968,
    "Latitude": 43.2841501416265
  },
  {
    "name": "Ecole Vauban",
    "Categorie": "Ecoles maternelles",
    "Adresse 1": "122 boulevard Vauban",
    "Adresse 2": "",
    "Code Postal": 13006,
    "Ville": "Marseille",
    "Numero de telephone": "04 91 37 20 48",
    "Email": "ecole.mat.vauban@cime.org",
    "Longitude": 5.37336404861362,
    "Latitude": 43.2822143330172
  },
  {
    "name": "Ecole Marius Thomas",
    "Categorie": "Ecoles maternelles",
    "Adresse 1": "21 BOULEVARD MARIUS THOMAS",
    "Adresse 2": "",
    "Code Postal": 13007,
    "Ville": "Marseille",
    "Numero de telephone": "04 91 52 03 08",
    "Email": "ecole.mariusthomas@cime.org",
    "Longitude": 5.36179888506269,
    "Latitude": 43.2847417000457
  },
  {
    "name": "Ecole Delphes",
    "Categorie": "Ecoles maternelles",
    "Adresse 1": "6 avenue de Delphes",
    "Adresse 2": "",
    "Code Postal": 13006,
    "Ville": "Marseille",
    "Numero de telephone": "04 91 78 46 14",
    "Email": "ecole.mat.delphes@cime.org",
    "Longitude": 5.38716195169933,
    "Latitude": 43.2849533497675
  },
  {
    "name": "Ecole Bompard",
    "Categorie": "Ecoles maternelles",
    "Adresse 1": "131 boulevard Bompard",
    "Adresse 2": "",
    "Code Postal": 13007,
    "Ville": "Marseille",
    "Numero de telephone": "04 91 52 63 89",
    "Email": "ecole.bompard@cime.org",
    "Longitude": 5.36063669917678,
    "Latitude": 43.2796686705364
  },
  {
    "name": "Ecole Paul Codaccioni",
    "Categorie": "Ecoles maternelles",
    "Adresse 1": "22 rue Paul Codaccioni",
    "Adresse 2": "",
    "Code Postal": 13007,
    "Ville": "Marseille",
    "Numero de telephone": "04 91 52 54 61",
    "Email": "ecole.mat.codaccioni@cime.org",
    "Longitude": 5.36109717347789,
    "Latitude": 43.2881505090711
  },
  {
    "name": "Ecole Flotte",
    "Categorie": "Ecoles maternelles",
    "Adresse 1": "2 avenue Ferdinand Flotte",
    "Adresse 2": "",
    "Code Postal": 13008,
    "Ville": "Marseille",
    "Numero de telephone": "04 91 76 19 66",
    "Email": "ecole.mat.flotte@cime.org",
    "Longitude": 5.38005230508271,
    "Latitude": 43.2747079309565
  },
  {
    "name": "Ecole Jean Mermoz",
    "Categorie": "Ecoles maternelles",
    "Adresse 1": "128 rue Jean Mermoz",
    "Adresse 2": "",
    "Code Postal": 13008,
    "Ville": "Marseille",
    "Numero de telephone": "04 91 77 52 61",
    "Email": "ecole.mat.mermoz@cime.org",
    "Longitude": 5.38676466667217,
    "Latitude": 43.2727555393929
  },
  {
    "name": "Ecole Accates La Valentine",
    "Categorie": "Ecoles maternelles",
    "Adresse 1": "83 chemin vicinal des Accates",
    "Adresse 2": "",
    "Code Postal": 13011,
    "Ville": "Marseille",
    "Numero de telephone": "04 91 43 02 90",
    "Email": "ecole.accatesvalentine@cime.org",
    "Longitude": 5.49262286578585,
    "Latitude": 43.3029290037381
  },
  {
    "name": "Ecole Les Caillols",
    "Categorie": "Ecoles maternelles",
    "Adresse 1": "32 chemin des Campanules",
    "Adresse 2": "",
    "Code Postal": 13012,
    "Ville": "Marseille",
    "Numero de telephone": "04 91 93 16 30",
    "Email": "ecole.mat.lescaillols@cime.org",
    "Longitude": 5.44756401279198,
    "Latitude": 43.301048235858
  },
  {
    "name": "Ecole Vincent Leblanc",
    "Categorie": "Ecoles maternelles",
    "Adresse 1": "36 rue Vincent Leblanc",
    "Adresse 2": "",
    "Code Postal": 13002,
    "Ville": "Marseille",
    "Numero de telephone": "04 91 91 63 72",
    "Email": "ecole.mat.vincentleblanc@cime.org",
    "Longitude": 5.36799317567643,
    "Latitude": 43.3056436175274
  },
  {
    "name": "Ecole Montolieu",
    "Categorie": "Ecoles maternelles",
    "Adresse 1": "10 rue Montolieu",
    "Adresse 2": "",
    "Code Postal": 13002,
    "Ville": "Marseille",
    "Numero de telephone": "04 91 56 24 04",
    "Email": "ecole.mat.montolieu@cime.org",
    "Longitude": 5.37293235078202,
    "Latitude": 43.3033344091665
  },
  {
    "name": "Ecole Moulins",
    "Categorie": "Ecoles maternelles",
    "Adresse 1": "1 rue des Muettes",
    "Adresse 2": "",
    "Code Postal": 13002,
    "Ville": "Marseille",
    "Numero de telephone": "04 91 91 20 25",
    "Email": "ecole.mat.moulins@cime.org",
    "Longitude": 5.36788391026436,
    "Latitude": 43.2981840156916
  },
  {
    "name": "Ecole Paix",
    "Categorie": "Ecoles maternelles",
    "Adresse 1": "56 rue de la Paix Marcel Paul",
    "Adresse 2": "",
    "Code Postal": 13006,
    "Ville": "Marseille",
    "Numero de telephone": "04 91 33 24 68",
    "Email": "ecole.lapaix@cime.org",
    "Longitude": 5.37316115437247,
    "Latitude": 43.2911366713062
  },
  {
    "name": "Ecole Peyssonnel",
    "Categorie": "Ecoles maternelles",
    "Adresse 1": "16 Rue Peyssonnel",
    "Adresse 2": "",
    "Code Postal": 13003,
    "Ville": "Marseille",
    "Numero de telephone": "04 91 50 77 12",
    "Email": "ecole.mat.peyssonnel@cime.org",
    "Longitude": 5.37299640097393,
    "Latitude": 43.3072346518204
  },
  {
    "name": "Ecole Le Pharo",
    "Categorie": "Ecoles maternelles",
    "Adresse 1": "19 rue des Catalans",
    "Adresse 2": "",
    "Code Postal": 13007,
    "Ville": "Marseille",
    "Numero de telephone": "04 91 52 08 49",
    "Email": "ecole.mat.pharo@cime.org",
    "Longitude": 5.35543588430658,
    "Latitude": 43.2926627306146
  },
  {
    "name": "Ecole Neuve Sainte Catherine",
    "Categorie": "Ecoles maternelles",
    "Adresse 1": "17 rue Neuve Ste Catherine",
    "Adresse 2": "",
    "Code Postal": 13007,
    "Ville": "Marseille",
    "Numero de telephone": "04 91 54 08 30",
    "Email": "ecole.mat.saintecatherine@cime.org",
    "Longitude": 5.36964647596384,
    "Latitude": 43.2921303483205
  },
  {
    "name": "Ecole Dames",
    "Categorie": "Ecoles maternelles",
    "Adresse 1": "6 rue du Terras",
    "Adresse 2": "",
    "Code Postal": 13002,
    "Ville": "Marseille",
    "Numero de telephone": "04 91 91 55 39",
    "Email": "ecole.mat.dames@cime.org",
    "Longitude": 5.37168051902774,
    "Latitude": 43.301765907705
  },
  {
    "name": "Ecole Butte Des Carmes",
    "Categorie": "Ecoles maternelles",
    "Adresse 1": "rue des Grands Carmes",
    "Adresse 2": "ZAC Sainte Barbe",
    "Code Postal": 13002,
    "Ville": "Marseille",
    "Numero de telephone": "04 91 91 68 59",
    "Email": "ecole.mat.buttedescarmes@cime.org",
    "Longitude": 5.37275731923013,
    "Latitude": 43.3009555198557
  },
  {
    "name": "Ecole L'Eveche",
    "Categorie": "Ecoles maternelles",
    "Adresse 1": "41 rue de l' Eveche",
    "Adresse 2": "",
    "Code Postal": 13002,
    "Ville": "Marseille",
    "Numero de telephone": "04 91 90 46 48",
    "Email": "ecole.mat.eveche@cime.org",
    "Longitude": 5.36648248998964,
    "Latitude": 43.3003300374742
  },
  {
    "name": "Ecole Fiolle Falque",
    "Categorie": "Ecoles maternelles",
    "Adresse 1": "69 bis rue du Dr Fiolle",
    "Adresse 2": "",
    "Code Postal": 13006,
    "Ville": "Marseille",
    "Numero de telephone": "04 91 37 10 96",
    "Email": "ecole.mat.falque@cime.org",
    "Longitude": 5.38278674010019,
    "Latitude": 43.284194680163
  },
  {
    "name": "Ecole Roucas Blanc",
    "Categorie": "Ecoles maternelles",
    "Adresse 1": "44 chemin du Roucas Blanc",
    "Adresse 2": "",
    "Code Postal": 13007,
    "Ville": "Marseille",
    "Numero de telephone": "04 91 52 69 26",
    "Email": "ecole.mat.roucas@cime.org",
    "Longitude": 5.36633011027009,
    "Latitude": 43.2866836017341
  },
  {
    "name": "Ecole Prado Plage",
    "Categorie": "Ecoles maternelles",
    "Adresse 1": "122 rue du Commandant Rolland",
    "Adresse 2": "",
    "Code Postal": 13008,
    "Ville": "Marseille",
    "Numero de telephone": "04 91 77 37 99",
    "Email": "ecole.mat.pradoplage@cime.org",
    "Longitude": 5.37869491183805,
    "Latitude": 43.2695211625173
  },
  {
    "name": "Ecole La Roseraie",
    "Categorie": "Ecoles maternelles",
    "Adresse 1": "11a rue Pierre Mouren",
    "Adresse 2": "",
    "Code Postal": 13007,
    "Ville": "Marseille",
    "Numero de telephone": "04 91 52 72 33",
    "Email": "ecole.mat.roseraie@cime.org",
    "Longitude": 5.35229976440057,
    "Latitude": 43.2831386120753
  },
  {
    "name": "Ecole Blancarde",
    "Categorie": "Ecoles maternelles",
    "Adresse 1": "74 rue Beau",
    "Adresse 2": "",
    "Code Postal": 13012,
    "Ville": "Marseille",
    "Numero de telephone": "04 91 49 37 82",
    "Email": "ecole.mat.blancarde@cime.org",
    "Longitude": 5.41092465691633,
    "Latitude": 43.3009935040127
  },
  {
    "name": "Ecole Chave",
    "Categorie": "Ecoles maternelles",
    "Adresse 1": "193 Boulevard Chave",
    "Adresse 2": "",
    "Code Postal": 13005,
    "Ville": "Marseille",
    "Numero de telephone": "04 91 47 49 93",
    "Email": "ecole.mat.chave@cime.org",
    "Longitude": 5.39865971917033,
    "Latitude": 43.2963206420408
  },
  {
    "name": "Ecole La Loubiere",
    "Categorie": "Ecoles maternelles",
    "Adresse 1": "99 rue de la Loubiere",
    "Adresse 2": "",
    "Code Postal": 13005,
    "Ville": "Marseille",
    "Numero de telephone": "04 91 42 75 03",
    "Email": "ecole.mat.loubiere@cime.org",
    "Longitude": 5.39204799707396,
    "Latitude": 43.2896020694552
  },
  {
    "name": "Ecole Saint Pierre",
    "Categorie": "Ecoles maternelles",
    "Adresse 1": "45 rue Pascal Ruinat",
    "Adresse 2": "",
    "Code Postal": 13005,
    "Ville": "Marseille",
    "Numero de telephone": "04 91 47 92 37",
    "Email": "ecole.mat.saintpierre@cime.org",
    "Longitude": 5.40851543299723,
    "Latitude": 43.2939560124615
  },
  {
    "name": "Ecole Baille",
    "Categorie": "Ecoles maternelles",
    "Adresse 1": "250 bld Baille",
    "Adresse 2": "",
    "Code Postal": 13005,
    "Ville": "Marseille",
    "Numero de telephone": "04 91 78 42 19",
    "Email": "ecole.mat.baille@cime.org",
    "Longitude": 5.39824452462594,
    "Latitude": 43.289642300896
  },
  {
    "name": "Ecole Saint Barnabe",
    "Categorie": "Ecoles maternelles",
    "Adresse 1": "4 rue Fontainieu",
    "Adresse 2": "",
    "Code Postal": 13012,
    "Ville": "Marseille",
    "Numero de telephone": "04 91 49 69 88",
    "Email": "ecole.mat.saintbarnabe@cime.org",
    "Longitude": 5.41500954137319,
    "Latitude": 43.3049667106576
  },
  {
    "name": "Ecole Bastide Saint Jean",
    "Categorie": "Ecoles maternelles",
    "Adresse 1": "11 rue de la Boiseraie",
    "Adresse 2": "",
    "Code Postal": 13012,
    "Ville": "Marseille",
    "Numero de telephone": "04 91 34 75 50",
    "Email": "ecole.mat.bastidesaintjean@cime.org",
    "Longitude": 5.42174363012151,
    "Latitude": 43.2982034908863
  },
  {
    "name": "Ecole Fraissinet",
    "Categorie": "Ecoles maternelles",
    "Adresse 1": "2 allee Fraissinet",
    "Adresse 2": "",
    "Code Postal": 13005,
    "Ville": "Marseille",
    "Numero de telephone": "04 91 48 12 06",
    "Email": "ecole.mat.fraissinet@cime.org",
    "Longitude": 5.39879696376598,
    "Latitude": 43.2921245931226
  },
  {
    "name": "Ecole Haiti",
    "Categorie": "Ecoles maternelles",
    "Adresse 1": "Avenue d'Haiti - Saint Barnabe",
    "Adresse 2": "",
    "Code Postal": 13012,
    "Ville": "Marseille",
    "Numero de telephone": "04 91 34 21 31",
    "Email": "ecole.mat.haiti@cime.org",
    "Longitude": 5.41485046518783,
    "Latitude": 43.2981704069796
  },
  {
    "name": "Ecole La Fourragere",
    "Categorie": "Ecoles maternelles",
    "Adresse 1": "70 avenue de la Fourragere",
    "Adresse 2": "",
    "Code Postal": 13012,
    "Ville": "Marseille",
    "Numero de telephone": "04 91 93 58 58",
    "Email": "ecole.mat.fourragere@cime.org",
    "Longitude": 5.42822322966952,
    "Latitude": 43.3004699291664
  },
  {
    "name": "Ecole Sainte Sophie",
    "Categorie": "Ecoles maternelles",
    "Adresse 1": "2 Rue Sainte Sophie",
    "Adresse 2": "",
    "Code Postal": 13004,
    "Ville": "Marseille",
    "Numero de telephone": "04 91 49 18 15",
    "Email": "ecole.mat.saintesophie@cime.org",
    "Longitude": 5.40283483507234,
    "Latitude": 43.3062492326132
  },
  {
    "name": "Ecole Luminy",
    "Categorie": "Ecoles maternelles",
    "Adresse 1": "33 av de Luminy",
    "Adresse 2": "",
    "Code Postal": 13009,
    "Ville": "Marseille",
    "Numero de telephone": "04 91 41 30 98",
    "Email": "ecole.mat.luminy@cime.org",
    "Longitude": 5.43794374136482,
    "Latitude": 43.2447938438454
  },
  {
    "name": "Ecole Calanques De Sormiou",
    "Categorie": "Ecoles maternelles",
    "Adresse 1": "139 Bd de Sormiou",
    "Adresse 2": "",
    "Code Postal": 13009,
    "Ville": "Marseille",
    "Numero de telephone": "04 91 25 21 85",
    "Email": "ecole.mat.calanques.sormiou@cime.org",
    "Longitude": 5.40201779733479,
    "Latitude": 43.2294480927856
  },
  {
    "name": "Ecole Sainte Marguerite",
    "Categorie": "Ecoles maternelles",
    "Adresse 1": "10 bld Pages",
    "Adresse 2": "",
    "Code Postal": 13009,
    "Ville": "Marseille",
    "Numero de telephone": "04 91 75 11 78",
    "Email": "ecole.mat.saintemarguerite@cime.org",
    "Longitude": 5.40591072684807,
    "Latitude": 43.26761107318
  },
  {
    "name": "Ecole Bonneveine-Zenatti",
    "Categorie": "Ecoles maternelles",
    "Adresse 1": "109 avenue Andre Zenatti",
    "Adresse 2": "",
    "Code Postal": 13008,
    "Ville": "Marseille",
    "Numero de telephone": "04 91 72 16 74",
    "Email": "ecole.mat.zanetti@cime.org",
    "Longitude": 5.39145761212105,
    "Latitude": 43.2461278187461
  },
  {
    "name": "Ecole Montredon",
    "Categorie": "Ecoles maternelles",
    "Adresse 1": "8 place Engaliere",
    "Adresse 2": "",
    "Code Postal": 13008,
    "Ville": "Marseille",
    "Numero de telephone": "04 91 73 07 97",
    "Email": "ecole.mat.montredon@cime.org",
    "Longitude": 5.36595993690167,
    "Latitude": 43.2379138506684
  },
  {
    "name": "Ecole Lapin Blanc Des Neiges",
    "Categorie": "Ecoles maternelles",
    "Adresse 1": "21 bld des neiges",
    "Adresse 2": "",
    "Code Postal": 13008,
    "Ville": "Marseille",
    "Numero de telephone": "04 91 73 32 79",
    "Email": "ecole.mat.lapinblancdesneiges@cime.org",
    "Longitude": 5.38065882810628,
    "Latitude": 43.248326136641
  },
  {
    "name": "Ecole Mazargues Beauchene",
    "Categorie": "Ecoles maternelles",
    "Adresse 1": "5 av Marie Balajat",
    "Adresse 2": "",
    "Code Postal": 13009,
    "Ville": "Marseille",
    "Numero de telephone": "04 91 40 12 89",
    "Email": "ecole.mazarguesbeauchene@cime.org",
    "Longitude": 5.40542763135304,
    "Latitude": 43.2500321236177
  },
  {
    "name": "Ecole Mazargues",
    "Categorie": "Ecoles maternelles",
    "Adresse 1": "9 rue Francois Blanc",
    "Adresse 2": "",
    "Code Postal": 13009,
    "Ville": "Marseille",
    "Numero de telephone": "04 91 40 35 70",
    "Email": "ecole.mat.mazargues@cime.org",
    "Longitude": 5.40083594974729,
    "Latitude": 43.2497496742632
  },
  {
    "name": "Ecole Parc Berger",
    "Categorie": "Ecoles maternelles",
    "Adresse 1": "Av de la Campagne Berger",
    "Adresse 2": "",
    "Code Postal": 13009,
    "Ville": "Marseille",
    "Numero de telephone": "04 91 41 71 92",
    "Email": "ecole.mat.parcberger@cime.org",
    "Longitude": 5.42241996827006,
    "Latitude": 43.2602209788711
  },
  {
    "name": "Ecole Bonneveine",
    "Categorie": "Ecoles maternelles",
    "Adresse 1": "52 boulevard du Sablier",
    "Adresse 2": "",
    "Code Postal": 13008,
    "Ville": "Marseille",
    "Numero de telephone": "04 91 73 04 48",
    "Email": "ecole.mat.bonneveine@cime.org",
    "Longitude": 5.38106606042904,
    "Latitude": 43.2509243643241
  },
  {
    "name": "Ecole Allee Des Pins Le Cabot",
    "Categorie": "Ecoles maternelles",
    "Adresse 1": "84 Bd du Redon",
    "Adresse 2": "",
    "Code Postal": 13009,
    "Ville": "Marseille",
    "Numero de telephone": "04 91 41 34 42",
    "Email": "ecole.mat.cabotlespins@cime.org",
    "Longitude": 5.415178219935,
    "Latitude": 43.2534287534168
  },
  {
    "name": "Ecole Pointe Rouge",
    "Categorie": "Ecoles maternelles",
    "Adresse 1": "6 boulevard de Nice",
    "Adresse 2": "",
    "Code Postal": 13008,
    "Ville": "Marseille",
    "Numero de telephone": "04 91 73 47 19",
    "Email": "ecole.mat.pointerouge@cime.org",
    "Longitude": 5.37211404534333,
    "Latitude": 43.2423861097504
  },
  {
    "name": "Ecole Valmont Redon",
    "Categorie": "Ecoles maternelles",
    "Adresse 1": "431 av de Lattre de Tassigny",
    "Adresse 2": "",
    "Code Postal": 13009,
    "Ville": "Marseille",
    "Numero de telephone": "04 91 40 10 47",
    "Email": "ecole.valmontredon@cime.org",
    "Longitude": 5.42645043323313,
    "Latitude": 43.2442415151578
  },
  {
    "name": "Ecole La Madrague De Montredon",
    "Categorie": "Ecoles maternelles",
    "Adresse 1": "40 boulevard de la Verrerie",
    "Adresse 2": "",
    "Code Postal": 13008,
    "Ville": "Marseille",
    "Numero de telephone": "04 91 73 34 03",
    "Email": "ecole.mat.madraguemontredon@cime.org",
    "Longitude": 5.3609124146051,
    "Latitude": 43.2323049320339
  },
  {
    "name": "Ecole Chateau Sec",
    "Categorie": "Ecoles maternelles",
    "Adresse 1": "39 chemin Joseph Aiguier",
    "Adresse 2": "",
    "Code Postal": 13009,
    "Ville": "Marseille",
    "Numero de telephone": "04 91 75 40 34",
    "Email": "ecole.mat.chateausec@cime.org",
    "Longitude": 5.40838309872301,
    "Latitude": 43.2539382234932
  },
  {
    "name": "Ecole Michelet Foch",
    "Categorie": "Ecoles maternelles",
    "Adresse 1": "21 avenue Marechal Foch",
    "Adresse 2": "",
    "Code Postal": 13004,
    "Ville": "Marseille",
    "Numero de telephone": "04 91 09 96 28",
    "Email": "",
    "Longitude": 5.39918803436027,
    "Latitude": 43.3012449612876
  },
  {
    "name": "Ecole Eydoux",
    "Categorie": "Ecoles maternelles",
    "Adresse 1": "18 Rue Eydoux",
    "Adresse 2": "",
    "Code Postal": 13006,
    "Ville": "Marseille",
    "Numero de telephone": "04 91 47 19 56",
    "Email": "ecole.mat.eydoux@cime.org",
    "Longitude": 5.38684980578322,
    "Latitude": 43.2908386522627
  },
  {
    "name": "Ecole Alexandre Copello",
    "Categorie": "Ecoles maternelles",
    "Adresse 1": "10 Rue des Clairistes",
    "Adresse 2": "",
    "Code Postal": 13005,
    "Ville": "Marseille",
    "Numero de telephone": "04 91 47 31 06",
    "Email": "ecole.mat.copello@cime.org",
    "Longitude": 5.39117854187553,
    "Latitude": 43.2939388263036
  },
  {
    "name": "Ecole Saint Charles",
    "Categorie": "Ecoles maternelles",
    "Adresse 1": "47 rue Lucien Rolmer",
    "Adresse 2": "",
    "Code Postal": 13003,
    "Ville": "Marseille",
    "Numero de telephone": "04 91 62 48 87",
    "Email": "ecole.mat.saintcharles@cime.org",
    "Longitude": 5.37637496260252,
    "Latitude": 43.3067571698457
  },
  {
    "name": "Ecole Saint Vincent De Paul",
    "Categorie": "Ecoles maternelles",
    "Adresse 1": "10 rue Saint Vincent de Paul",
    "Adresse 2": "",
    "Code Postal": 13004,
    "Ville": "Marseille",
    "Numero de telephone": "04 91 42 86 11",
    "Email": "ecole.mat.saintvincentdepaul@cime.org",
    "Longitude": 5.39159931558445,
    "Latitude": 43.300389947467
  },
  {
    "name": "Ecole Parmentier",
    "Categorie": "Ecoles maternelles",
    "Adresse 1": "7 rue Parmentier",
    "Adresse 2": "",
    "Code Postal": 13001,
    "Ville": "Marseille",
    "Numero de telephone": "04 91 91 14 23",
    "Email": "ecole.mat.parmentier@cime.org",
    "Longitude": 5.3794185433179,
    "Latitude": 43.2997897445846
  },
  {
    "name": "Ecole Hotel Des Postes",
    "Categorie": "Ecoles maternelles",
    "Adresse 1": "2 Place de l'Hetel des Postes",
    "Adresse 2": "",
    "Code Postal": 13001,
    "Ville": "Marseille",
    "Numero de telephone": "04 91 90 74 32",
    "Email": "ecole.mat.hoteldespostes@cime.org",
    "Longitude": 5.37434242070366,
    "Latitude": 43.2989976702288
  },
  {
    "name": "Ecole Cite Azoulay",
    "Categorie": "Ecoles maternelles",
    "Adresse 1": "7 rue Raphael",
    "Adresse 2": "",
    "Code Postal": 13008,
    "Ville": "Marseille",
    "Numero de telephone": "04 91 76 21 75",
    "Email": "ecole.mat.citeazoulay@cime.org",
    "Longitude": 5.39299037073379,
    "Latitude": 43.2685844557964
  },
  {
    "name": "Ecole Capelette Mireille Lauze",
    "Categorie": "Ecoles maternelles",
    "Adresse 1": "131 boulevard Mireille Lauze",
    "Adresse 2": "",
    "Code Postal": 13010,
    "Ville": "Marseille",
    "Numero de telephone": "04 91 79 78 84",
    "Email": "ecole.mat.mireillelauze@cime.org",
    "Longitude": 5.41196646201084,
    "Latitude": 43.2833738626051
  },
  {
    "name": "Ecole Capelette",
    "Categorie": "Ecoles maternelles",
    "Adresse 1": "13 boulevard de la Barniere",
    "Adresse 2": "",
    "Code Postal": 13010,
    "Ville": "Marseille",
    "Numero de telephone": "04 91 79 67 26",
    "Email": "ecole.mat.capelette@cime.org",
    "Longitude": 5.4067102249125,
    "Latitude": 43.2815746725251
  },
  {
    "name": "Ecole Saint Loup Castel Joli",
    "Categorie": "Ecoles maternelles",
    "Adresse 1": "23 rue Pierre Doize",
    "Adresse 2": "",
    "Code Postal": 13010,
    "Ville": "Marseille",
    "Numero de telephone": "04 91 44 73 01",
    "Email": "ecole.mat.casteljoli@cime.org",
    "Longitude": 5.42967552773324,
    "Latitude": 43.2809602902321
  },
  {
    "name": "Ecole Saint Tronc La Rose",
    "Categorie": "Ecoles maternelles",
    "Adresse 1": "225 boulevard Paul Claudel",
    "Adresse 2": "",
    "Code Postal": 13010,
    "Ville": "Marseille",
    "Numero de telephone": "04 91 75 52 80",
    "Email": "ecole.mat.sainttronclarose@cime.org",
    "Longitude": 5.41993804729005,
    "Latitude": 43.2704285850268
  },
  {
    "name": "Ecole La Pauline",
    "Categorie": "Ecoles maternelles",
    "Adresse 1": "337 boulevard Romain Rolland",
    "Adresse 2": "",
    "Code Postal": 13009,
    "Ville": "Marseille",
    "Numero de telephone": "04 91 75 53 31",
    "Email": "ecole.mat.pauline@cime.org",
    "Longitude": 5.41024241039203,
    "Latitude": 43.2715704414373
  },
  {
    "name": "Ecole La Sauvagere",
    "Categorie": "Ecoles maternelles",
    "Adresse 1": "253 Bvd Romain Rolland",
    "Adresse 2": "",
    "Code Postal": 13010,
    "Ville": "Marseille",
    "Numero de telephone": "04 91 75 23 36",
    "Email": "ecole.sauvagere@cime.org",
    "Longitude": 5.41511033549444,
    "Latitude": 43.2718334756477
  },
  {
    "name": "Ecole Le Rouet",
    "Categorie": "Ecoles maternelles",
    "Adresse 1": "38 rue Roger Renzo",
    "Adresse 2": "",
    "Code Postal": 13008,
    "Ville": "Marseille",
    "Numero de telephone": "04 91 79 27 46",
    "Email": "ecole.mat.rouet@cime.org",
    "Longitude": 5.39392526454933,
    "Latitude": 43.2781283428108
  },
  {
    "name": "Ecole Menpenti",
    "Categorie": "Ecoles maternelles",
    "Adresse 1": "159 avenue de Toulon",
    "Adresse 2": "",
    "Code Postal": 13010,
    "Ville": "Marseille",
    "Numero de telephone": "04 91 80 44 66",
    "Email": "ecole.mat.mempenti@cime.org",
    "Longitude": 5.39597940375898,
    "Latitude": 43.2844077468055
  },
  {
    "name": "Ecole La Timone",
    "Categorie": "Ecoles maternelles",
    "Adresse 1": "96 avenue de la Timone",
    "Adresse 2": "",
    "Code Postal": 13010,
    "Ville": "Marseille",
    "Numero de telephone": "04 91 78 02 52",
    "Email": "ecole.mat.timone@cime.org",
    "Longitude": 5.40485160937299,
    "Latitude": 43.2859235608672
  },
  {
    "name": "Ecole Pont De Vivaux Saccoman",
    "Categorie": "Ecoles maternelles",
    "Adresse 1": "206 boulevard Romain Rolland",
    "Adresse 2": "",
    "Code Postal": 13010,
    "Ville": "Marseille",
    "Numero de telephone": "04 91 78 29 58",
    "Email": "ecole.mat.saccoman@cime.org",
    "Longitude": 5.41567656073656,
    "Latitude": 43.2753571235156
  },
  {
    "name": "Ecole Parc Dromel",
    "Categorie": "Ecoles maternelles",
    "Adresse 1": "1 boulevard Dromel",
    "Adresse 2": "",
    "Code Postal": 13009,
    "Ville": "Marseille",
    "Numero de telephone": "04 91 75 28 28",
    "Email": "ecole.mat.parcdromel@cime.org",
    "Longitude": 5.4063225934882,
    "Latitude": 43.2703992671131
  },
  {
    "name": "Ecole Parette Mazenode",
    "Categorie": "Ecoles maternelles",
    "Adresse 1": "427 boulevard Mireille Lauze",
    "Adresse 2": "",
    "Code Postal": 13011,
    "Ville": "Marseille",
    "Numero de telephone": "04 91 44 98 91",
    "Email": "ecole.parettemazenode@cime.org",
    "Longitude": 5.43029983487339,
    "Latitude": 43.2873320120759
  },
  {
    "name": "Ecole Raymond Teisseire",
    "Categorie": "Ecoles maternelles",
    "Adresse 1": "64 boulevard Rabatau",
    "Adresse 2": "",
    "Code Postal": 13008,
    "Ville": "Marseille",
    "Numero de telephone": "04 91 79 35 10",
    "Email": "ecole.mat.teisseire@cime.org",
    "Longitude": 5.39695271603606,
    "Latitude": 43.2751538676753
  },
  {
    "name": "Ecole Longchamp",
    "Categorie": "Ecoles maternelles",
    "Adresse 1": "rue Buffon - 2 impasse Montbard",
    "Adresse 2": "",
    "Code Postal": 13004,
    "Ville": "Marseille",
    "Numero de telephone": "04 91 64 12 27",
    "Email": "ecole.mat.longchamp@cime.org",
    "Longitude": 5.39533581183772,
    "Latitude": 43.3038111218338
  },
  {
    "name": "Ecole Consolat Abeilles",
    "Categorie": "Ecoles maternelles",
    "Adresse 1": "160 rue Consolat",
    "Adresse 2": "",
    "Code Postal": 13001,
    "Ville": "Marseille",
    "Numero de telephone": "04 91 08 54 03",
    "Email": "ecole.mat.abeilles@cime.org",
    "Longitude": 5.39328681538547,
    "Latitude": 43.302830321044
  },
  {
    "name": "Ecole Botinelly",
    "Categorie": "Ecoles maternelles",
    "Adresse 1": "21 bld Louis Botinelly",
    "Adresse 2": "",
    "Code Postal": 13004,
    "Ville": "Marseille",
    "Numero de telephone": "04 91 49 60 79",
    "Email": "ecole.mat.botinelly@cime.org",
    "Longitude": 5.40460900474371,
    "Latitude": 43.3020357314008
  },
  {
    "name": "Ecole Abbe De L'Epee",
    "Categorie": "Ecoles maternelles",
    "Adresse 1": "7 bis square Sidi Brahim",
    "Adresse 2": "",
    "Code Postal": 13005,
    "Ville": "Marseille",
    "Numero de telephone": "04 91 34 12 16",
    "Email": "ecole.mat.abbe.epee@cime.org",
    "Longitude": 5.39836075863859,
    "Latitude": 43.2976735716475
  },
  {
    "name": "Ecole Air Bel",
    "Categorie": "Ecoles maternelles",
    "Adresse 1": "Chemin de la Maternelle",
    "Adresse 2": "Cite Air Bel",
    "Code Postal": 13011,
    "Ville": "Marseille",
    "Numero de telephone": "04 91 35 27 23",
    "Email": "ecole.mat.airbel@cime.org",
    "Longitude": 5.42923890239373,
    "Latitude": 43.2913899370364
  },
  {
    "name": "Ecole Oddo",
    "Categorie": "Ecoles maternelles",
    "Adresse 1": "18 rue de la Butineuse",
    "Adresse 2": "",
    "Code Postal": 13015,
    "Ville": "Marseille",
    "Numero de telephone": "04 91 58 00 24",
    "Email": "ecole.mat.oddo@cime.org",
    "Longitude": 5.36054622644552,
    "Latitude": 43.3291139450092
  },
  {
    "name": "Ecole Saint Louis Gare",
    "Categorie": "Ecoles maternelles",
    "Adresse 1": "16 rue Le Chatelier",
    "Adresse 2": "",
    "Code Postal": 13015,
    "Ville": "Marseille",
    "Numero de telephone": "04 91 60 85 92",
    "Email": "ecole.mat.saintlouisgare@cime.org",
    "Longitude": 5.36006537280361,
    "Latitude": 43.3477057943593
  },
  {
    "name": "Ecole Notre Dame Limite Jean Perrin",
    "Categorie": "Ecoles maternelles",
    "Adresse 1": "chemin des Bourrely",
    "Adresse 2": "",
    "Code Postal": 13015,
    "Ville": "Marseille",
    "Numero de telephone": "04 91 51 22 78",
    "Email": "ecole.mat.hlmperrin@cime.org",
    "Longitude": 5.36143445936328,
    "Latitude": 43.3840812630516
  },
  {
    "name": "Ecole Estaque Plage",
    "Categorie": "Ecoles maternelles",
    "Adresse 1": "23 Bd Bandini",
    "Adresse 2": "",
    "Code Postal": 13016,
    "Ville": "Marseille",
    "Numero de telephone": "04 91 46 01 27",
    "Email": "ecole.mat.estaqueplage@cime.org",
    "Longitude": 5.31647855992161,
    "Latitude": 43.3615567915148
  },
  {
    "name": "Ecole Notre Dame Limite Chateau Burzio",
    "Categorie": "Ecoles maternelles",
    "Adresse 1": "Les Fabrettes",
    "Adresse 2": "",
    "Code Postal": 13015,
    "Ville": "Marseille",
    "Numero de telephone": "04 91 51 30 75",
    "Email": "ecole.mat.chateauburzio@cime.org",
    "Longitude": 5.35968725264565,
    "Latitude": 43.3833363378261
  },
  {
    "name": "Ecole Bois Lemaitre",
    "Categorie": "Ecoles maternelles",
    "Adresse 1": "avenue Jean Compadieu",
    "Adresse 2": "",
    "Code Postal": 13012,
    "Ville": "Marseille",
    "Numero de telephone": "04 91 93 06 29",
    "Email": "ecole.mat.boislemaitre@cime.org",
    "Longitude": 5.43331231265646,
    "Latitude": 43.3216827217964
  },
  {
    "name": "Ecole Croix Rouge Campagne",
    "Categorie": "Ecoles maternelles",
    "Adresse 1": "16 avenue Fournacle",
    "Adresse 2": "",
    "Code Postal": 13013,
    "Ville": "Marseille",
    "Numero de telephone": "04 91 68 69 93",
    "Email": "ecole.mat.croixrouge@cime.org",
    "Longitude": 5.456483264565,
    "Latitude": 43.3321343685326
  },
  {
    "name": "Ecole La Rose Val Plan",
    "Categorie": "Ecoles maternelles",
    "Adresse 1": "77 avenue de la Croix Rouge",
    "Adresse 2": "",
    "Code Postal": 13013,
    "Ville": "Marseille",
    "Numero de telephone": "04 91 66 04 15",
    "Email": "ecole.mat.rosevalplan@cime.org",
    "Longitude": 5.43347315266598,
    "Latitude": 43.3328071589727
  },
  {
    "name": "Ecole Saint Jerome Village",
    "Categorie": "Ecoles maternelles",
    "Adresse 1": "20 rue des Polytres",
    "Adresse 2": "",
    "Code Postal": 13013,
    "Ville": "Marseille",
    "Numero de telephone": "04 91 66 22 61",
    "Email": "ecole.mat.saintjeromevillage@cime.org",
    "Longitude": 5.41683983339255,
    "Latitude": 43.3301260800841
  },
  {
    "name": "Ecole Petit Bosquet",
    "Categorie": "Ecoles maternelles",
    "Adresse 1": "286 avenue de Montolivet",
    "Adresse 2": "",
    "Code Postal": 13012,
    "Ville": "Marseille",
    "Numero de telephone": "04 91 66 12 32",
    "Email": "ecole.mat.petitbosquet@cime.org",
    "Longitude": 5.41578391542296,
    "Latitude": 43.3156585255095
  },
  {
    "name": "Ecole Chateau Gombert",
    "Categorie": "Ecoles maternelles",
    "Adresse 1": "40 boulevard Fernand Durbec",
    "Adresse 2": "",
    "Code Postal": 13013,
    "Ville": "Marseille",
    "Numero de telephone": "04 91 68 01 20",
    "Email": "ecole.mat.chateaugombert@cime.org",
    "Longitude": 5.43880658592901,
    "Latitude": 43.3500699005145
  },
  {
    "name": "Ecole Les Balustres",
    "Categorie": "Ecoles maternelles",
    "Adresse 1": "2 chemin de Notre-Dame de Consolation",
    "Adresse 2": "",
    "Code Postal": 13013,
    "Ville": "Marseille",
    "Numero de telephone": "04 91 66 48 29",
    "Email": "ecole.mat.balustres@cime.org",
    "Longitude": 5.4210544094659,
    "Latitude": 43.3393554513408
  },
  {
    "name": "Ecole Les Lierres",
    "Categorie": "Ecoles maternelles",
    "Adresse 1": "50 avenue du 24 avril 1915",
    "Adresse 2": "",
    "Code Postal": 13012,
    "Ville": "Marseille",
    "Numero de telephone": "04 91 93 16 70",
    "Email": "ecole.mat.leslierres@cime.org",
    "Longitude": 5.43016086796292,
    "Latitude": 43.3075569483835
  },
  {
    "name": "Ecole La Rose Frais Vallon Nord",
    "Categorie": "Ecoles maternelles",
    "Adresse 1": "39 avenue de Frais Vallon",
    "Adresse 2": "",
    "Code Postal": 13013,
    "Ville": "Marseille",
    "Numero de telephone": "04 91 66 14 32",
    "Email": "ecole.mat.fraisvallonnord@cime.org",
    "Longitude": 5.42645855444811,
    "Latitude": 43.3251206975787
  },
  {
    "name": "Ecole Saint Julien",
    "Categorie": "Ecoles maternelles",
    "Adresse 1": "11 boulevard Bonniot",
    "Adresse 2": "",
    "Code Postal": 13012,
    "Ville": "Marseille",
    "Numero de telephone": "04 91 93 17 95",
    "Email": "ecole.mat.saintjulien@cime.org",
    "Longitude": 5.44903832803701,
    "Latitude": 43.3153718992706
  },
  {
    "name": "Ecole Saint Henri Raphel",
    "Categorie": "Ecoles maternelles",
    "Adresse 1": "place Raphel",
    "Adresse 2": "",
    "Code Postal": 13016,
    "Ville": "Marseille",
    "Numero de telephone": "04 91 46 08 24",
    "Email": "ecole.mat.sainthenriraphael@cime.org",
    "Longitude": 5.33066138551547,
    "Latitude": 43.3617629597279
  },
  {
    "name": "Ecole Calade",
    "Categorie": "Ecoles maternelles",
    "Adresse 1": "15 rue Severine",
    "Adresse 2": "",
    "Code Postal": 13015,
    "Ville": "Marseille",
    "Numero de telephone": "04 91 60 11 02",
    "Email": "ecole.mat.lacalade@cime.org",
    "Longitude": 5.35024996990679,
    "Latitude": 43.3410164244143
  },
  {
    "name": "Ecole Cabucelle",
    "Categorie": "Ecoles maternelles",
    "Adresse 1": "25 bvd Arthur-Michaud",
    "Adresse 2": "",
    "Code Postal": 13015,
    "Ville": "Marseille",
    "Numero de telephone": "04 91 58 00 87",
    "Email": "ecole.mat.cabucelle@cime.org",
    "Longitude": 5.35897434900402,
    "Latitude": 43.3330395754659
  },
  {
    "name": "Ecole Estaque Riaux",
    "Categorie": "Ecoles maternelles",
    "Adresse 1": "Bd de la Falaise",
    "Adresse 2": "",
    "Code Postal": 13016,
    "Ville": "Marseille",
    "Numero de telephone": "04 91 46 00 67",
    "Email": "ecole.mat.estaqueriaux@cime.org",
    "Longitude": 5.30832930560227,
    "Latitude": 43.3629476234732
  },
  {
    "name": "Ecole Saint Andre Boisseau",
    "Categorie": "Ecoles maternelles",
    "Adresse 1": "2 rue Boisseau",
    "Adresse 2": "",
    "Code Postal": 13016,
    "Ville": "Marseille",
    "Numero de telephone": "04 91 46 02 57",
    "Email": "ecole.mat.saintandreboisseau@cime.org",
    "Longitude": 5.34408789334415,
    "Latitude": 43.3559146618605
  },
  {
    "name": "Ecole Sainte Catherine",
    "Categorie": "Ecoles maternelles",
    "Adresse 1": "98 traverse Prat",
    "Adresse 2": "",
    "Code Postal": 13008,
    "Ville": "Marseille",
    "Numero de telephone": "04 91 73 35 60",
    "Email": "ecole.mat.stecatherine@cime.org",
    "Longitude": 5.37328058754258,
    "Latitude": 43.2375132447425
  },
  {
    "name": "Ecole Saint Louis Le Rove",
    "Categorie": "Ecoles maternelles",
    "Adresse 1": "50 chemin de saint-louis au Rove",
    "Adresse 2": "",
    "Code Postal": 13015,
    "Ville": "Marseille",
    "Numero de telephone": "04 91 60 82 27",
    "Email": "ecole.mat.saintlouislerove@cime.org",
    "Longitude": 5.35557035323494,
    "Latitude": 43.3494522827956
  },
  {
    "name": "Ecole Estaque Gare",
    "Categorie": "Ecoles maternelles",
    "Adresse 1": "33 Bd Fenouil",
    "Adresse 2": "",
    "Code Postal": 13016,
    "Ville": "Marseille",
    "Numero de telephone": "04 91 46 02 49",
    "Email": "ecole.mat.estaquegare@cime.org",
    "Longitude": 5.32055790055535,
    "Latitude": 43.3611613692691
  },
  {
    "name": "Ecole Saint Antoine Palanque",
    "Categorie": "Ecoles maternelles",
    "Adresse 1": "46 chemin de la Martine",
    "Adresse 2": "",
    "Code Postal": 13015,
    "Ville": "Marseille",
    "Numero de telephone": "04 91 65 68 28",
    "Email": "ecole.mat.saintantoinepalanque@cime.org",
    "Longitude": 5.36351317019077,
    "Latitude": 43.3735539000118
  },
  {
    "name": "Ecole Saint Louis Leveque",
    "Categorie": "Ecoles maternelles",
    "Adresse 1": "Campagne Leveque",
    "Adresse 2": "",
    "Code Postal": 13015,
    "Ville": "Marseille",
    "Numero de telephone": "04 91 60 71 63",
    "Email": "ecole.mat.saintlouisleveque@cime.org",
    "Longitude": 5.35840293601227,
    "Latitude": 43.3424663182933
  },
  {
    "name": "Ecole Bernabo",
    "Categorie": "Ecoles maternelles",
    "Adresse 1": "1 traverse Bernabo",
    "Adresse 2": "",
    "Code Postal": 13015,
    "Ville": "Marseille",
    "Numero de telephone": "04 91 60 03 06",
    "Email": "ecole.mat.bernabo@cime.org",
    "Longitude": 5.35695667544637,
    "Latitude": 43.3371101577068
  },
  {
    "name": "Ecole La Viste Bousquet",
    "Categorie": "Ecoles maternelles",
    "Adresse 1": "68 avenue de la Viste",
    "Adresse 2": "",
    "Code Postal": 13015,
    "Ville": "Marseille",
    "Numero de telephone": "04 91 60 91 10",
    "Email": "ecole.mat.vistebousquet@cime.org",
    "Longitude": 5.35915016169707,
    "Latitude": 43.357185628623
  },
  {
    "name": "Ecole Saint Louis Consolat",
    "Categorie": "Ecoles maternelles",
    "Adresse 1": "47 Rue des Musardises",
    "Adresse 2": "",
    "Code Postal": 13015,
    "Ville": "Marseille",
    "Numero de telephone": "04 91 60 15 21",
    "Email": "ecole.mat.saintlouisconsolat@cime.org",
    "Longitude": 5.35344285973929,
    "Latitude": 43.3478007105879
  },
  {
    "name": "Ecole La Bricarde",
    "Categorie": "Ecoles maternelles",
    "Adresse 1": "125 boulevard Henri Barnier",
    "Adresse 2": "",
    "Code Postal": 13015,
    "Ville": "Marseille",
    "Numero de telephone": "04 91 96 12 82",
    "Email": "ecole.mat.bricarde@cime.org",
    "Longitude": 5.34753457327965,
    "Latitude": 43.3699606603721
  },
  {
    "name": "Ecole Saint Henri",
    "Categorie": "Ecoles maternelles",
    "Adresse 1": "42 chemin de Saint Henri",
    "Adresse 2": "",
    "Code Postal": 13016,
    "Ville": "Marseille",
    "Numero de telephone": "04 91 46 50 66",
    "Email": "ecole.mat.sainthenri@cime.org",
    "Longitude": 5.33275207539177,
    "Latitude": 43.3579931637816
  },
  {
    "name": "Ecole Plan D'Aou",
    "Categorie": "Ecoles maternelles",
    "Adresse 1": "1 Bd du Commandant Thollon",
    "Adresse 2": "",
    "Code Postal": 13015,
    "Ville": "Marseille",
    "Numero de telephone": "04 91 51 25 99",
    "Email": "ecole.mat.plandaou@cime.org",
    "Longitude": 5.35410421730319,
    "Latitude": 43.3692762431315
  },
  {
    "name": "Ecole Cite Saint Louis",
    "Categorie": "Ecoles maternelles",
    "Adresse 1": "111 chemin de Saint Louis au Rove",
    "Adresse 2": "",
    "Code Postal": 13016,
    "Ville": "Marseille",
    "Numero de telephone": "04 91 60 95 94",
    "Email": "ecole.mat.citesaintlouis@cime.org",
    "Longitude": 5.3532438734015,
    "Latitude": 43.351759498155
  },
  {
    "name": "Ecole Saint Andre Barnier",
    "Categorie": "Ecoles maternelles",
    "Adresse 1": "274 boulevard Henri Barnier",
    "Adresse 2": "",
    "Code Postal": 13015,
    "Ville": "Marseille",
    "Numero de telephone": "04 91 46 06 29",
    "Email": "ecole.mat.saintandrebarnier@cime.org",
    "Longitude": 5.34229072760874,
    "Latitude": 43.36523567326
  },
  {
    "name": "Ecole Saint Antoine Centre",
    "Categorie": "Ecoles maternelles",
    "Adresse 1": "19 avenue de Roquefavour",
    "Adresse 2": "",
    "Code Postal": 13015,
    "Ville": "Marseille",
    "Numero de telephone": "04 91 51 28 02",
    "Email": "ecole.mat.saintantoinecentre@cime.org",
    "Longitude": 5.35865401331649,
    "Latitude": 43.3695471883253
  },
  {
    "name": "Ecole Verduron Haut",
    "Categorie": "Ecoles maternelles",
    "Adresse 1": "2 boulevard de la Pinede",
    "Adresse 2": "",
    "Code Postal": 13015,
    "Ville": "Marseille",
    "Numero de telephone": "04 91 51 11 25",
    "Email": "ecole.mat.verduronhaut@cime.org",
    "Longitude": 5.3442612560347,
    "Latitude": 43.3748128783321
  },
  {
    "name": "Ecole Etienne Milan",
    "Categorie": "Ecoles maternelles",
    "Adresse 1": "34 rue Etienne Milan",
    "Adresse 2": "",
    "Code Postal": 13008,
    "Ville": "Marseille",
    "Numero de telephone": "04 91 76 21 29",
    "Email": "ecole.mat.etiennemilan@cime.org",
    "Longitude": 5.38696031473021,
    "Latitude": 43.264829901101
  },
  {
    "name": "Ecole La Baume",
    "Categorie": "Ecoles maternelles",
    "Adresse 1": "11 avenue Colgate",
    "Adresse 2": "",
    "Code Postal": 13009,
    "Ville": "Marseille",
    "Numero de telephone": "04 91 40 07 44",
    "Email": "ecole.mat.baume@cime.org",
    "Longitude": 5.40984639152853,
    "Latitude": 43.2344317264579
  },
  {
    "name": "Ecole La Soude",
    "Categorie": "Ecoles maternelles",
    "Adresse 1": "40 avenue de la Soude",
    "Adresse 2": "",
    "Code Postal": 13009,
    "Ville": "Marseille",
    "Numero de telephone": "04 91 40 29 87",
    "Email": "ecole.mat.lasoude@cime.org",
    "Longitude": 5.40017431210808,
    "Latitude": 43.2446423847447
  },
  {
    "name": "Ecole Le Corbusier",
    "Categorie": "Ecoles maternelles",
    "Adresse 1": "280 boulevard Michelet",
    "Adresse 2": "",
    "Code Postal": 13008,
    "Ville": "Marseille",
    "Numero de telephone": "04 91 76 43 61",
    "Email": "ecole.mat.corbusier@cime.org",
    "Longitude": 5.39627412629477,
    "Latitude": 43.2609356791646
  },
  {
    "name": "Ecole Edouard Vaillant",
    "Categorie": "Ecoles maternelles",
    "Adresse 1": "19 passage Leo Ferre",
    "Adresse 2": "",
    "Code Postal": 13003,
    "Ville": "Marseille",
    "Numero de telephone": "04 91 02 57 33",
    "Email": "ecole.mat.vaillant@cime.org",
    "Longitude": 5.3780851960706,
    "Latitude": 43.3157352134817
  },
  {
    "name": "Ecole La Rouviere",
    "Categorie": "Ecoles maternelles",
    "Adresse 1": "83 boulevard du Redon",
    "Adresse 2": "",
    "Code Postal": 13009,
    "Ville": "Marseille",
    "Numero de telephone": "04 91 41 34 21",
    "Email": "ecole.mat.rouviere@cime.org",
    "Longitude": 5.42375421862354,
    "Latitude": 43.2506311610356
  },
  {
    "name": "Ecole Saint Andre La Castellane",
    "Categorie": "Ecoles maternelles",
    "Adresse 1": "66 chemin de Bernex",
    "Adresse 2": "",
    "Code Postal": 13015,
    "Ville": "Marseille",
    "Numero de telephone": "04 91 46 08 85",
    "Email": "ecole.mat.lacastellane@cime.org",
    "Longitude": 5.34024652561786,
    "Latitude": 43.3687976132418
  },
  {
    "name": "Ecole Fonscolombe",
    "Categorie": "Ecoles maternelles",
    "Adresse 1": "7 Rue Andre Chamson",
    "Adresse 2": "",
    "Code Postal": 13003,
    "Ville": "Marseille",
    "Numero de telephone": "04 91 50 38 60",
    "Email": "ecole.mat.fonscolombes@cime.org",
    "Longitude": 5.37305297841761,
    "Latitude": 43.3117193115299
  },
  {
    "name": "Ecole Canet Ambrosini",
    "Categorie": "Ecoles maternelles",
    "Adresse 1": "boulevard de la Maison Blanche",
    "Adresse 2": "",
    "Code Postal": 13014,
    "Ville": "Marseille",
    "Numero de telephone": "04 91 67 35 52",
    "Email": "ecole.mat.canetambrosini@cime.org",
    "Longitude": 5.37551677988207,
    "Latitude": 43.3299028507465
  },
  {
    "name": "Ecole Arenc Bachas Exterieur",
    "Categorie": "Ecoles maternelles",
    "Adresse 1": "15 Bd Ferdinand de Lesseps",
    "Adresse 2": "",
    "Code Postal": 13015,
    "Ville": "Marseille",
    "Numero de telephone": "04 91 50 42 15",
    "Email": "ecole.mat.exterieur@cime.org",
    "Longitude": 5.37060699401056,
    "Latitude": 43.3201407158771
  },
  {
    "name": "Ecole Kleber",
    "Categorie": "Ecoles maternelles",
    "Adresse 1": "27 rue Kleber",
    "Adresse 2": "",
    "Code Postal": 13003,
    "Ville": "Marseille",
    "Numero de telephone": "04 91 62 62 37",
    "Email": "ecole.mat.kleber@cime.org",
    "Longitude": 5.37477989438814,
    "Latitude": 43.3079056457342
  },
  {
    "name": "Ecole Granados Roy D'Espagne",
    "Categorie": "Ecoles maternelles",
    "Adresse 1": "allee Granados",
    "Adresse 2": "",
    "Code Postal": 13009,
    "Ville": "Marseille",
    "Numero de telephone": "04 91 73 36 37",
    "Email": "ecole.mat.granados@cime.org",
    "Longitude": 5.39160160182364,
    "Latitude": 43.2372567197132
  },
  {
    "name": "Ecole Sainte Anne",
    "Categorie": "Ecoles maternelles",
    "Adresse 1": "492 avenue de Mazargues",
    "Adresse 2": "",
    "Code Postal": 13008,
    "Ville": "Marseille",
    "Numero de telephone": "04 91 76 19 36",
    "Email": "ecole.mat.sainteanne@cime.org",
    "Longitude": 5.39361685153887,
    "Latitude": 43.2548951689165
  },
  {
    "name": "Ecole Mazargues Vaccaro",
    "Categorie": "Ecoles maternelles",
    "Adresse 1": "Residence Michelet de Lattre",
    "Adresse 2": "50 Bd General Koenig",
    "Code Postal": 13009,
    "Ville": "Marseille",
    "Numero de telephone": "04 91 40 13 27",
    "Email": "ecole.mat.vaccaro@cime.org",
    "Longitude": 5.41109696803178,
    "Latitude": 43.2419587706771
  },
  {
    "name": "Ecole Grand Saint Giniez",
    "Categorie": "Ecoles maternelles",
    "Adresse 1": "257 avenue de Mazargues",
    "Adresse 2": "",
    "Code Postal": 13008,
    "Ville": "Marseille",
    "Numero de telephone": "04 91 76 20 50",
    "Email": "ecole.mat.grandsaintginiez@cime.org",
    "Longitude": 5.39344022717173,
    "Latitude": 43.2635410907904
  },
  {
    "name": "Ecole Lapin Blanc",
    "Categorie": "Ecoles maternelles",
    "Adresse 1": "70 avenue Andre Zenatti",
    "Adresse 2": "",
    "Code Postal": 13008,
    "Ville": "Marseille",
    "Numero de telephone": "04 91 72 36 07",
    "Email": "ecole.mat.lapinblanc@cime.org",
    "Longitude": 5.38627064522772,
    "Latitude": 43.2460508992185
  },
  {
    "name": "Ecole Mazargues Grande Bastide",
    "Categorie": "Ecoles maternelles",
    "Adresse 1": "11 avenue Desautel",
    "Adresse 2": "",
    "Code Postal": 13009,
    "Ville": "Marseille",
    "Numero de telephone": "04 91 40 12 95",
    "Email": "ecole.mat.grandebastide@cime.org",
    "Longitude": 5.40578170270385,
    "Latitude": 43.2541203054545
  },
  {
    "name": "Ecole Parc Sevigne",
    "Categorie": "Ecoles maternelles",
    "Adresse 1": "2 rue aviateur Lebrix",
    "Adresse 2": "",
    "Code Postal": 13009,
    "Ville": "Marseille",
    "Numero de telephone": "04 91 71 01 52",
    "Email": "ecole.mat.parcsevigne@cime.org",
    "Longitude": 5.40425314521285,
    "Latitude": 43.2629084211343
  },
  {
    "name": "Ecole Roy D'Espagne",
    "Categorie": "Ecoles maternelles",
    "Adresse 1": "1 allee Emmanuel Chabrier",
    "Adresse 2": "",
    "Code Postal": 13008,
    "Ville": "Marseille",
    "Numero de telephone": "04 91 73 19 75",
    "Email": "ecole.mat.chabrier@cime.org",
    "Longitude": 5.38624113720467,
    "Latitude": 43.2397580096494
  },
  {
    "name": "Ecole Square Michelet",
    "Categorie": "Ecoles maternelles",
    "Adresse 1": "boulevard Gaston Ramon",
    "Adresse 2": "",
    "Code Postal": 13009,
    "Ville": "Marseille",
    "Numero de telephone": "04 91 76 01 31",
    "Email": "ecole.mat.squaremichelet@cime.org",
    "Longitude": 5.39851929560436,
    "Latitude": 43.2670469765628
  },
  {
    "name": "Ecole Valmante",
    "Categorie": "Ecoles maternelles",
    "Adresse 1": "81 chemin Jean Roubin",
    "Adresse 2": "",
    "Code Postal": 13009,
    "Ville": "Marseille",
    "Numero de telephone": "04 91 41 18 25",
    "Email": "ecole.mat.valmante@cime.org",
    "Longitude": 5.42074791383754,
    "Latitude": 43.2478750173771
  },
  {
    "name": "Ecole Busserade-Massena",
    "Categorie": "Ecoles maternelles",
    "Adresse 1": "3 rue Massena",
    "Adresse 2": "",
    "Code Postal": 13003,
    "Ville": "Marseille",
    "Numero de telephone": "04 91 08 99 04",
    "Email": "",
    "Longitude": 5.38346469197993,
    "Latitude": 43.3085078144075
  },
  {
    "name": "Ecole Desiree Clary",
    "Categorie": "Ecoles maternelles",
    "Adresse 1": "24 rue Desiree Clary",
    "Adresse 2": "",
    "Code Postal": 13002,
    "Ville": "Marseille",
    "Numero de telephone": "04 91 31 66 49",
    "Email": "ecole.mat.desireeclary@cime.org",
    "Longitude": 5.37000573801468,
    "Latitude": 43.308565933172
  },
  {
    "name": "Ecole Francois Moisson-Republique",
    "Categorie": "Ecoles maternelles",
    "Adresse 1": "26 rue Francois Moisson",
    "Adresse 2": "",
    "Code Postal": 13002,
    "Ville": "Marseille",
    "Numero de telephone": "04 91 52 77 73",
    "Email": "ecole.mat.republiquemoisson@cime.org",
    "Longitude": 5.36864997798265,
    "Latitude": 43.3012918202034
  },
  {
    "name": "Ecole Ruffi",
    "Categorie": "Ecoles maternelles",
    "Adresse 1": "92 rue de Ruffi",
    "Adresse 2": "",
    "Code Postal": 13003,
    "Ville": "Marseille",
    "Numero de telephone": "04 91 08 09 15",
    "Email": "ecole.ruffi@cime.org",
    "Longitude": 5.37018951267822,
    "Latitude": 43.3137592834007
  },
  {
    "name": "Ecole La Treille",
    "Categorie": "Ecoles maternelles",
    "Adresse 1": "169 route de la Treille",
    "Adresse 2": "",
    "Code Postal": 13011,
    "Ville": "Marseille",
    "Numero de telephone": "04 91 43 10 51",
    "Email": "ecole.latreille@cime.org",
    "Longitude": 5.51212235014369,
    "Latitude": 43.3132843961056
  },
  {
    "name": "Ecole Amedee Autran",
    "Categorie": "Ecoles maternelles",
    "Adresse 1": "10 bld Amedee Autran",
    "Adresse 2": "",
    "Code Postal": 13007,
    "Ville": "Marseille",
    "Numero de telephone": "04 91 52 07 56",
    "Email": "ecole.mat.autran@cime.org",
    "Longitude": 5.36651252668556,
    "Latitude": 43.2823071958225
  },
  {
    "name": "Ecole Grande Bastide Cazaulx",
    "Categorie": "Ecoles maternelles",
    "Adresse 1": "Boulevard Bouyala d'Arnaud",
    "Adresse 2": "",
    "Code Postal": 13012,
    "Ville": "Marseille",
    "Numero de telephone": "04 91 93 00 48",
    "Email": "ecole.mat.grandebastidecazaulx@cime.org",
    "Longitude": 5.44183503365099,
    "Latitude": 43.298178514883
  },
  {
    "name": "Ecole La Rouguiere",
    "Categorie": "Ecoles maternelles",
    "Adresse 1": "Allee de la Rouguiere",
    "Adresse 2": "",
    "Code Postal": 13011,
    "Ville": "Marseille",
    "Numero de telephone": "04 91 89 46 31",
    "Email": "ecole.mat.rouguiere@cime.org",
    "Longitude": 5.45959709924728,
    "Latitude": 43.2952240801023
  },
  {
    "name": "Ecole Chateau Saint Cyr",
    "Categorie": "Ecoles maternelles",
    "Adresse 1": "65 chemin de la Valbarelle",
    "Adresse 2": "",
    "Code Postal": 13010,
    "Ville": "Marseille",
    "Numero de telephone": "04 91 89 85 78",
    "Email": "ecole.mat.chateausaintcyr@cime.org",
    "Longitude": 5.44032897300625,
    "Latitude": 43.2817913509934
  },
  {
    "name": "Ecole Saint Thys",
    "Categorie": "Ecoles maternelles",
    "Adresse 1": "1 rue Saint Augustin",
    "Adresse 2": "",
    "Code Postal": 13010,
    "Ville": "Marseille",
    "Numero de telephone": "04 91 44 70 35",
    "Email": "ecole.mat.saintthys@cime.org",
    "Longitude": 5.4393101616558,
    "Latitude": 43.2802156160908
  },
  {
    "name": "Ecole Les Nereides",
    "Categorie": "Ecoles maternelles",
    "Adresse 1": "traverse des Raymonds",
    "Adresse 2": "",
    "Code Postal": 13011,
    "Ville": "Marseille",
    "Numero de telephone": "04 91 35 32 46",
    "Email": "ecole.mat.nereides@cime.org",
    "Longitude": 5.46085382224294,
    "Latitude": 43.2844235540797
  },
  {
    "name": "Ecole Cite Michelis",
    "Categorie": "Ecoles maternelles",
    "Adresse 1": "33 avenue du Pontet",
    "Adresse 2": "",
    "Code Postal": 13011,
    "Ville": "Marseille",
    "Numero de telephone": "04 91 44 74 85",
    "Email": "ecole.mat.citemichelis@cime.org",
    "Longitude": 5.44858216389499,
    "Latitude": 43.2837884683833
  },
  {
    "name": "Ecole La Grognarde",
    "Categorie": "Ecoles maternelles",
    "Adresse 1": "boulevard Soult",
    "Adresse 2": "",
    "Code Postal": 13011,
    "Ville": "Marseille",
    "Numero de telephone": "04 91 44 72 97",
    "Email": "ecole.mat.grognarde@cime.org",
    "Longitude": 5.43602017203481,
    "Latitude": 43.2927277814618
  },
  {
    "name": "Ecole La Milliere",
    "Categorie": "Ecoles maternelles",
    "Adresse 1": "11 allee des Genevriers",
    "Adresse 2": "Les Escourtines",
    "Code Postal": 13011,
    "Ville": "Marseille",
    "Numero de telephone": "04 91 36 24 50",
    "Email": "ecole.mat.milliere@cime.org",
    "Longitude": 5.5037631996031,
    "Latitude": 43.2806395877132
  },
  {
    "name": "Ecole Les Trois Ponts",
    "Categorie": "Ecoles maternelles",
    "Adresse 1": "32 chemin de Chante Perdrix",
    "Adresse 2": "",
    "Code Postal": 13010,
    "Ville": "Marseille",
    "Numero de telephone": "04 91 44 69 57",
    "Email": "ecole.mat.3ponts@cime.org",
    "Longitude": 5.43587853278839,
    "Latitude": 43.272835246514
  },
  {
    "name": "Ecole Pomme Sainte Madeleine",
    "Categorie": "Ecoles maternelles",
    "Adresse 1": "8 avenue Bernard Lecache",
    "Adresse 2": "",
    "Code Postal": 13011,
    "Ville": "Marseille",
    "Numero de telephone": "04 91 44 79 71",
    "Email": "ecole.mat.pomme stemadeleine@cime.org",
    "Longitude": 5.44776948020897,
    "Latitude": 43.2946758916379
  },
  {
    "name": "Ecole Saint Loup Centre",
    "Categorie": "Ecoles maternelles",
    "Adresse 1": "103 boulevard de Saint Loup",
    "Adresse 2": "",
    "Code Postal": 13010,
    "Ville": "Marseille",
    "Numero de telephone": "04 91 44 73 10",
    "Email": "ecole.mat.saintloupcentre@cime.org",
    "Longitude": 5.43361751699438,
    "Latitude": 43.2838101625582
  },
  {
    "name": "Ecole Saint Tronc Castelroc",
    "Categorie": "Ecoles maternelles",
    "Adresse 1": "30 rue Professeur Roger Luccioni",
    "Adresse 2": "",
    "Code Postal": 13010,
    "Ville": "Marseille",
    "Numero de telephone": "04 91 75 65 77",
    "Email": "ecole.mat.castelroc@cime.org",
    "Longitude": 5.4302572913884,
    "Latitude": 43.2710282883282
  },
  {
    "name": "Ecole La Buzine",
    "Categorie": "Ecoles maternelles",
    "Adresse 1": "Traverse de la Buzine",
    "Adresse 2": "Parc des 7 Collines",
    "Code Postal": 13011,
    "Ville": "Marseille",
    "Numero de telephone": "04 91 43 10 38",
    "Email": "ecole.mat.buzine@cime.org",
    "Longitude": 5.5031805563327,
    "Latitude": 43.2942108732275
  },
  {
    "name": "Ecole Maurelle",
    "Categorie": "Ecoles maternelles",
    "Adresse 1": "24 rue Marius Briata",
    "Adresse 2": "",
    "Code Postal": 13012,
    "Ville": "Marseille",
    "Numero de telephone": "04 91 93 38 55",
    "Email": "ecole.maurelle@cime.org",
    "Longitude": 5.43985039875573,
    "Latitude": 43.3203719454433
  },
  {
    "name": "Ecole La Parade",
    "Categorie": "Ecoles maternelles",
    "Adresse 1": "chemin de Palama",
    "Adresse 2": "",
    "Code Postal": 13013,
    "Ville": "Marseille",
    "Numero de telephone": "04 91 68 54 02",
    "Email": "ecole.mat.parade@cime.org",
    "Longitude": 5.43991723402344,
    "Latitude": 43.3573042560399
  },
  {
    "name": "Ecole Montolivet",
    "Categorie": "Ecoles maternelles",
    "Adresse 1": "29 bld Die",
    "Adresse 2": "",
    "Code Postal": 13012,
    "Ville": "Marseille",
    "Numero de telephone": "04 91 93 39 39",
    "Email": "ecole.mat.montolivet@cime.org",
    "Longitude": 5.42768212534545,
    "Latitude": 43.3178605839968
  },
  {
    "name": "Ecole La Rose Saint Theodore",
    "Categorie": "Ecoles maternelles",
    "Adresse 1": "41 Allee des Bergeronnettes",
    "Adresse 2": "",
    "Code Postal": 13013,
    "Ville": "Marseille",
    "Numero de telephone": "04 91 66 35 61",
    "Email": "ecole.mat.sainttheodore@cime.org",
    "Longitude": 5.43564899389029,
    "Latitude": 43.3310726884199
  },
  {
    "name": "Ecole La Rose Sauvagine",
    "Categorie": "Ecoles maternelles",
    "Adresse 1": "avenue Merleau Ponty",
    "Adresse 2": "",
    "Code Postal": 13013,
    "Ville": "Marseille",
    "Numero de telephone": "04 91 66 43 49",
    "Email": "ecole.mat.rosesauvagine@cime.org",
    "Longitude": 5.42682967458876,
    "Latitude": 43.3353723731212
  },
  {
    "name": "Ecole Fondacle",
    "Categorie": "Ecoles maternelles",
    "Adresse 1": "5 traverse des Platrieres",
    "Adresse 2": "",
    "Code Postal": 13013,
    "Ville": "Marseille",
    "Numero de telephone": "04 91 66 52 20",
    "Email": "ecole.mat.fondacle@cime.org",
    "Longitude": 5.45011569477983,
    "Latitude": 43.3201783463488
  },
  {
    "name": "Ecole Les Olives",
    "Categorie": "Ecoles maternelles",
    "Adresse 1": "Rue Lafferage",
    "Adresse 2": "",
    "Code Postal": 13013,
    "Ville": "Marseille",
    "Numero de telephone": "04 91 66 36 25",
    "Email": "ecole.mat.lesolives@cime.org",
    "Longitude": 5.45548493293746,
    "Latitude": 43.3257980730011
  },
  {
    "name": "Ecole La Rose Castors",
    "Categorie": "Ecoles maternelles",
    "Adresse 1": "87 rue Albert Einstein",
    "Adresse 2": "",
    "Code Postal": 13013,
    "Ville": "Marseille",
    "Numero de telephone": "04 91 66 35 67",
    "Email": "ecole.mat.rosecastors@cime.org",
    "Longitude": 5.43334512341359,
    "Latitude": 43.3371679998206
  },
  {
    "name": "Ecole Saint Jerome Susini",
    "Categorie": "Ecoles maternelles",
    "Adresse 1": "2 traverse Charles Susini",
    "Adresse 2": "",
    "Code Postal": 13013,
    "Ville": "Marseille",
    "Numero de telephone": "04 91 66 38 60",
    "Email": "ecole.mat.susini@cime.org",
    "Longitude": 5.4197766991125,
    "Latitude": 43.334172154896
  },
  {
    "name": "Ecole Les Martegaux",
    "Categorie": "Ecoles maternelles",
    "Adresse 1": "impasse des Baudillons",
    "Adresse 2": "",
    "Code Postal": 13013,
    "Ville": "Marseille",
    "Numero de telephone": "04 91 06 55 09",
    "Email": "ecole.mat.martegaux@cime.org",
    "Longitude": 5.4413036801914,
    "Latitude": 43.3260262670056
  },
  {
    "name": "Ecole Bois Luzy",
    "Categorie": "Ecoles maternelles",
    "Adresse 1": "Allee des Primeveres",
    "Adresse 2": "",
    "Code Postal": 13012,
    "Ville": "Marseille",
    "Numero de telephone": "04 91 93 35 90",
    "Email": "ecole.mat.boisluzy@cime.org",
    "Longitude": 5.42683130944854,
    "Latitude": 43.3124174156379
  },
  {
    "name": "Ecole Les Trois Lucs",
    "Categorie": "Ecoles maternelles",
    "Adresse 1": "373 av des Poilus",
    "Adresse 2": "",
    "Code Postal": 13012,
    "Ville": "Marseille",
    "Numero de telephone": "04 91 93 71 46",
    "Email": "ecole.mat.3lucs@cime.org",
    "Longitude": 5.46221657626957,
    "Latitude": 43.315308746516
  },
  {
    "name": "Ecole Beaumont Bombardiere",
    "Categorie": "Ecoles maternelles",
    "Adresse 1": "213 rue charles kaddouz",
    "Adresse 2": "",
    "Code Postal": 13012,
    "Ville": "Marseille",
    "Numero de telephone": "04 91 93 34 16",
    "Email": "ecole.mat.beaumontbombardiere@cime.org",
    "Longitude": 5.43844415251769,
    "Latitude": 43.3184297880945
  },
  {
    "name": "Ecole La Rose",
    "Categorie": "Ecoles maternelles",
    "Adresse 1": "Place de la Rose",
    "Adresse 2": "",
    "Code Postal": 13013,
    "Ville": "Marseille",
    "Numero de telephone": "04 91 66 21 71",
    "Email": "ecole.roseplace@cime.org",
    "Longitude": 5.42785370272229,
    "Latitude": 43.3288400422147
  },
  {
    "name": "Ecole La Rose Frais Vallon Sud",
    "Categorie": "Ecoles maternelles",
    "Adresse 1": "26 avenue de Frais Vallon",
    "Adresse 2": "",
    "Code Postal": 13013,
    "Ville": "Marseille",
    "Numero de telephone": "04 91 66 36 12",
    "Email": "ecole.mat.fraisvallonsud@cime.org",
    "Longitude": 5.42388529766081,
    "Latitude": 43.3240534501987
  },
  {
    "name": "Ecole La Rose La Garde",
    "Categorie": "Ecoles maternelles",
    "Adresse 1": "11 boulevard du Metro",
    "Adresse 2": "",
    "Code Postal": 13013,
    "Ville": "Marseille",
    "Numero de telephone": "04 91 66 36 77",
    "Email": "ecole.mat.roselagarde@cime.org",
    "Longitude": 5.42823635853376,
    "Latitude": 43.3329869861487
  },
  {
    "name": "Ecole La Rose Frais Vallon Centre",
    "Categorie": "Ecoles maternelles",
    "Adresse 1": "4 impasse Ravel",
    "Adresse 2": "",
    "Code Postal": 13013,
    "Ville": "Marseille",
    "Numero de telephone": "04 91 66 24 52",
    "Email": "ecole.mat.fraisvalloncentre@cime.org",
    "Longitude": 5.43104215502591,
    "Latitude": 43.3263050445307
  },
  {
    "name": "Ecole Prairies",
    "Categorie": "Ecoles maternelles",
    "Adresse 1": "40 chemin rural de Ste Mitre  Four de Buze",
    "Adresse 2": "",
    "Code Postal": 13013,
    "Ville": "Marseille",
    "Numero de telephone": "04 91 66 19 86",
    "Email": "ecole.mat.prairies@cime.org",
    "Longitude": 5.41756813788484,
    "Latitude": 43.3438774959287
  },
  {
    "name": "Ecole Pommier",
    "Categorie": "Ecoles maternelles",
    "Adresse 1": "3 rue Pommier",
    "Adresse 2": "",
    "Code Postal": 13003,
    "Ville": "Marseille",
    "Numero de telephone": "04 91 64 03 58",
    "Email": "ecole.mat.pommier@cime.org",
    "Longitude": 5.38112438411527,
    "Latitude": 43.3091118542945
  },
  {
    "name": "Ecole Saint Gabriel",
    "Categorie": "Ecoles maternelles",
    "Adresse 1": "80 Chemin de Gibbes",
    "Adresse 2": "",
    "Code Postal": 13014,
    "Ville": "Marseille",
    "Numero de telephone": "04 91 02 58 10",
    "Email": "ecole.mat.saintgabriel@cime.org",
    "Longitude": 5.38103132363404,
    "Latitude": 43.3218667063045
  },
  {
    "name": "Ecole Parc Bellevue",
    "Categorie": "Ecoles maternelles",
    "Adresse 1": "143 Rue Felix Pyat",
    "Adresse 2": "",
    "Code Postal": 13003,
    "Ville": "Marseille",
    "Numero de telephone": "04 91 58 26 82",
    "Email": "ecole.mat.parcbellevue@cime.org",
    "Longitude": 5.37386912708945,
    "Latitude": 43.3173716659638
  },
  {
    "name": "Ecole Sainte Marthe",
    "Categorie": "Ecoles maternelles",
    "Adresse 1": "boulevard Ricoux",
    "Adresse 2": "",
    "Code Postal": 13014,
    "Ville": "Marseille",
    "Numero de telephone": "04 91 98 39 92",
    "Email": "ecole.mat.saintemarthe@cime.org",
    "Longitude": 5.38913539959767,
    "Latitude": 43.338442932943
  },
  {
    "name": "Ecole Belle De Mai",
    "Categorie": "Ecoles maternelles",
    "Adresse 1": "2 rue docteur Leon Perrin",
    "Adresse 2": "",
    "Code Postal": 13003,
    "Ville": "Marseille",
    "Numero de telephone": "04 91 62 17 13",
    "Email": "ecole.mat.belledemai@cime.org",
    "Longitude": 5.38654028012012,
    "Latitude": 43.3135353258158
  },
  {
    "name": "Ecole Canet Larousse",
    "Categorie": "Ecoles maternelles",
    "Adresse 1": "boulevard Larousse",
    "Adresse 2": "",
    "Code Postal": 13014,
    "Ville": "Marseille",
    "Numero de telephone": "04 91 67 53 17",
    "Email": "ecole.mat.canetlarousse@cime.org",
    "Longitude": 5.3816012348329,
    "Latitude": 43.3296910503529
  },
  {
    "name": "Ecole Sinoncelli",
    "Categorie": "Ecoles maternelles",
    "Adresse 1": "49 rue Boisselot",
    "Adresse 2": "",
    "Code Postal": 13014,
    "Ville": "Marseille",
    "Numero de telephone": "04 91 64 03 95",
    "Email": "ecole.mat.sinoncelli@cime.org",
    "Longitude": 5.38880719128556,
    "Latitude": 43.3186930253747
  },
  {
    "name": "Ecole Canet Jean Jaures",
    "Categorie": "Ecoles maternelles",
    "Adresse 1": "20 Rue du Muret",
    "Adresse 2": "",
    "Code Postal": 13014,
    "Ville": "Marseille",
    "Numero de telephone": "04 91 98 00 27",
    "Email": "ecole.mat.canetjeanjaures@cime.org",
    "Longitude": 5.38076837741815,
    "Latitude": 43.3315810350172
  },
  {
    "name": "Ecole Saint Joseph Servieres",
    "Categorie": "Ecoles maternelles",
    "Adresse 1": "Rue du Capricorne",
    "Adresse 2": "",
    "Code Postal": 13015,
    "Ville": "Marseille",
    "Numero de telephone": "04 91 60 61 67",
    "Email": "ecole.mat.servieres@cime.org",
    "Longitude": 5.37375227603238,
    "Latitude": 43.34436257757
  },
  {
    "name": "Ecole Revolution",
    "Categorie": "Ecoles maternelles",
    "Adresse 1": "45 av Edouard Vaillant",
    "Adresse 2": "",
    "Code Postal": 13003,
    "Ville": "Marseille",
    "Numero de telephone": "04 91 02 57 68",
    "Email": "ecole.mat.revolution@cime.org",
    "Longitude": 5.38300180371684,
    "Latitude": 43.3145924561765
  },
  {
    "name": "Ecole La Maurelette",
    "Categorie": "Ecoles maternelles",
    "Adresse 1": "39 boulevard Simon Bolivar",
    "Adresse 2": "",
    "Code Postal": 13015,
    "Ville": "Marseille",
    "Numero de telephone": "04 91 60 16 87",
    "Email": "ecole.mat.maurelette@cime.org",
    "Longitude": 5.37625709128687,
    "Latitude": 43.3448032003472
  },
  {
    "name": "Ecole Clair Soleil",
    "Categorie": "Ecoles maternelles",
    "Adresse 1": "55 boulevard Charles-Moretti",
    "Adresse 2": "",
    "Code Postal": 13014,
    "Ville": "Marseille",
    "Numero de telephone": "04 91 67 37 74",
    "Email": "ecole.mat.clairsoleil@cime.org",
    "Longitude": 5.38616864011417,
    "Latitude": 43.3237662284348
  },
  {
    "name": "Ecole La Simiane",
    "Categorie": "Ecoles maternelles",
    "Adresse 1": "chemin de Sainte Marthe  Saint Joseph",
    "Adresse 2": "",
    "Code Postal": 13014,
    "Ville": "Marseille",
    "Numero de telephone": "04 91 98 56 27",
    "Email": "ecole.mat.simiane@cime.org",
    "Longitude": 5.38412879510801,
    "Latitude": 43.3439324199198
  },
  {
    "name": "Ecole Strasbourg",
    "Categorie": "Ecoles maternelles",
    "Adresse 1": "56 Boulevard de Strasbourg",
    "Adresse 2": "",
    "Code Postal": 13003,
    "Ville": "Marseille",
    "Numero de telephone": "04 91 50 72 05",
    "Email": "ecole.mat.strasbourg@cime.org",
    "Longitude": 5.37794431806882,
    "Latitude": 43.3071371876917
  },
  {
    "name": "Ecole Visitation",
    "Categorie": "Ecoles maternelles",
    "Adresse 1": "38 boulevard Frederic Sauvage",
    "Adresse 2": "",
    "Code Postal": 13014,
    "Ville": "Marseille",
    "Numero de telephone": "04 91 98 24 81",
    "Email": "ecole.mat.visitation@cime.org",
    "Longitude": 5.36867004015652,
    "Latitude": 43.3371769190256
  },
  {
    "name": "Ecole Saint Savournin",
    "Categorie": "Ecoles maternelles",
    "Adresse 1": "62 rue Saint Savournin",
    "Adresse 2": "",
    "Code Postal": 13001,
    "Ville": "Marseille",
    "Numero de telephone": "04 91 37 71 61",
    "Email": "",
    "Longitude": 5.38726915037724,
    "Latitude": 43.2974510456258
  },
  {
    "name": "Ecole Bugeaud",
    "Categorie": "Ecoles maternelles",
    "Adresse 1": "12 rue Bugeaud",
    "Adresse 2": "",
    "Code Postal": 13003,
    "Ville": "Marseille",
    "Numero de telephone": "",
    "Email": "",
    "Longitude": 5.38567523735269,
    "Latitude": 43.3073209456161
  },
  {
    "name": "Ecole Felix Pyat",
    "Categorie": "Ecoles maternelles",
    "Adresse 1": "54 rue Felix Pyat",
    "Adresse 2": "",
    "Code Postal": 13003,
    "Ville": "Marseille",
    "Numero de telephone": "04 91 50 11 24",
    "Email": "ecole.felixpyat@cime.org",
    "Longitude": 5.3753685038696,
    "Latitude": 43.3149864706895
  },
  {
    "name": "Ecole Chutes Lavie",
    "Categorie": "Ecoles maternelles",
    "Adresse 1": "63 allee des platanes",
    "Adresse 2": "",
    "Code Postal": 13004,
    "Ville": "Marseille",
    "Numero de telephone": "04 91 50 41 80",
    "Email": "ecole.mat.platanes@cime.org",
    "Longitude": 5.39506162036388,
    "Latitude": 43.3158319198042
  },
  {
    "name": "Ecole Malpasse Les Lauriers",
    "Categorie": "Ecoles maternelles",
    "Adresse 1": "9 rue de Marathon",
    "Adresse 2": "",
    "Code Postal": 13013,
    "Ville": "Marseille",
    "Numero de telephone": "04 91 70 38 48",
    "Email": "ecole.mat.malpasseleslauriers@cime.org",
    "Longitude": 5.41304438008038,
    "Latitude": 43.3268148732972
  },
  {
    "name": "Ecole Parc Des Chartreux",
    "Categorie": "Ecoles maternelles",
    "Adresse 1": "61 av de Saint Just",
    "Adresse 2": "",
    "Code Postal": 13013,
    "Ville": "Marseille",
    "Numero de telephone": "04 91 66 47 41",
    "Email": "ecole.mat.parcdeschartreux@cime.org",
    "Longitude": 5.4047212156353,
    "Latitude": 43.317616817292
  },
  {
    "name": "Ecole Busserine",
    "Categorie": "Ecoles maternelles",
    "Adresse 1": "36 rue de la Busserine",
    "Adresse 2": "",
    "Code Postal": 13014,
    "Ville": "Marseille",
    "Numero de telephone": "04 91 98 32 93",
    "Email": "ecole.mat.busserine@cime.org",
    "Longitude": 5.39531987389837,
    "Latitude": 43.3302869460486
  },
  {
    "name": "Ecole Bouge",
    "Categorie": "Ecoles maternelles",
    "Adresse 1": "28 rue Marathon",
    "Adresse 2": "",
    "Code Postal": 13013,
    "Ville": "Marseille",
    "Numero de telephone": "04 91 66 34 84",
    "Email": "ecole.mat.bouge@cime.org",
    "Longitude": 5.41247272923899,
    "Latitude": 43.3262673221256
  },
  {
    "name": "Ecole Emile Vayssiere 2",
    "Categorie": "Ecoles maternelles",
    "Adresse 1": "6 rue de la Crau",
    "Adresse 2": "",
    "Code Postal": 13014,
    "Ville": "Marseille",
    "Numero de telephone": "04 91 98 19 45",
    "Email": "ecole.mat.vayssiere2@cime.org",
    "Longitude": 5.39790031703743,
    "Latitude": 43.3355378744138
  },
  {
    "name": "Ecole Saint Just Corot",
    "Categorie": "Ecoles maternelles",
    "Adresse 1": "130 avenue Corot",
    "Adresse 2": "",
    "Code Postal": 13013,
    "Ville": "Marseille",
    "Numero de telephone": "04 91 66 38 75",
    "Email": "ecole.mat.saintjustcorot@cime.org",
    "Longitude": 5.40554194374479,
    "Latitude": 43.3240283212805
  },
  {
    "name": "Ecole Saint Jerome Les Lilas",
    "Categorie": "Ecoles maternelles",
    "Adresse 1": "2 rue Fernand Leger",
    "Adresse 2": "",
    "Code Postal": 13013,
    "Ville": "Marseille",
    "Numero de telephone": "04 91 98 15 58",
    "Email": "ecole.mat.saintjeromeleslilas@cime.org",
    "Longitude": 5.41089483956573,
    "Latitude": 43.3312383508077
  },
  {
    "name": "Ecole Saint Barthelemy Sncf",
    "Categorie": "Ecoles maternelles",
    "Adresse 1": "chemin de Sainte Marthe",
    "Adresse 2": "",
    "Code Postal": 13014,
    "Ville": "Marseille",
    "Numero de telephone": "04 91 98 22 03",
    "Email": "ecole.mat.saintbarthelemy.sncf@cime.org",
    "Longitude": 5.39053479670699,
    "Latitude": 43.3237137069555
  },
  {
    "name": "Ecole Saint Just Centre",
    "Categorie": "Ecoles maternelles",
    "Adresse 1": "12 rue Saint Georges",
    "Adresse 2": "",
    "Code Postal": 13013,
    "Ville": "Marseille",
    "Numero de telephone": "04 91 66 38 67",
    "Email": "ecole.mat.saintjustcentre@cime.org",
    "Longitude": 5.40593956634611,
    "Latitude": 43.3191051004485
  },
  {
    "name": "Ecole Chartreux Albe",
    "Categorie": "Ecoles maternelles",
    "Adresse 1": "19 Rue Vincent Faeta",
    "Adresse 2": "",
    "Code Postal": 13004,
    "Ville": "Marseille",
    "Numero de telephone": "04 91 06 33 54",
    "Email": "ecole.mat.chartreuxhbm@cime.org",
    "Longitude": 5.40790726810788,
    "Latitude": 43.3131862105156
  },
  {
    "name": "Ecole Merlan",
    "Categorie": "Ecoles maternelles",
    "Adresse 1": "66 avenue du Merlan",
    "Adresse 2": "",
    "Code Postal": 13014,
    "Ville": "Marseille",
    "Numero de telephone": "04 91 98 20 44",
    "Email": "ecole.mat.merlanvillage@cime.org",
    "Longitude": 5.40864198079272,
    "Latitude": 43.3384886182497
  },
  {
    "name": "Ecole Emile Vayssiere 3",
    "Categorie": "Ecoles maternelles",
    "Adresse 1": "5 rue de La Crau",
    "Adresse 2": "",
    "Code Postal": 13014,
    "Ville": "Marseille",
    "Numero de telephone": "04 91 98 34 42",
    "Email": "ecole.mat.vayssiere3@cime.org",
    "Longitude": 5.39822222149486,
    "Latitude": 43.3344085203129
  },
  {
    "name": "Ecole Font Vert",
    "Categorie": "Ecoles maternelles",
    "Adresse 1": "216 chemin de Sainte Marthe",
    "Adresse 2": "",
    "Code Postal": 13014,
    "Ville": "Marseille",
    "Numero de telephone": "04 91 98 32 95",
    "Email": "ecole.mat.fontvert@cime.org",
    "Longitude": 5.39018609230492,
    "Latitude": 43.3286658698069
  },
  {
    "name": "Ecole Chartreux Eugene Cas",
    "Categorie": "Ecoles maternelles",
    "Adresse 1": "217 Avenue des Chartreux",
    "Adresse 2": "",
    "Code Postal": 13004,
    "Ville": "Marseille",
    "Numero de telephone": "04 91 64 27 30",
    "Email": "ecole.mat.eugenecas@cime.org",
    "Longitude": 5.40027944703032,
    "Latitude": 43.3121290533848
  },
  {
    "name": "Ecole Chutes Lavie Hlm Mediterranee",
    "Categorie": "Ecoles maternelles",
    "Adresse 1": "1 bis Avenue des Chutes Lavie",
    "Adresse 2": "",
    "Code Postal": 13004,
    "Ville": "Marseille",
    "Numero de telephone": "04 91 50 42 19",
    "Email": "ecole.mat.htm@cime.org",
    "Longitude": 5.39515776021909,
    "Latitude": 43.3120318780981
  },
  {
    "name": "Ecole La Feuilleraie",
    "Categorie": "Ecoles maternelles",
    "Adresse 1": "87 boulevard de Roux",
    "Adresse 2": "",
    "Code Postal": 13004,
    "Ville": "Marseille",
    "Numero de telephone": "04 91 49 48 21",
    "Email": "ecole.mat.feuilleraie@cime.org",
    "Longitude": 5.40863952107309,
    "Latitude": 43.3075730734802
  },
  {
    "name": "Ecole Malpasse Les Floralies",
    "Categorie": "Ecoles maternelles",
    "Adresse 1": "81 boulevard Barry",
    "Adresse 2": "",
    "Code Postal": 13013,
    "Ville": "Marseille",
    "Numero de telephone": "04 91 70 84 87",
    "Email": "ecole.mat.florelies@cime.org",
    "Longitude": 5.41205658751798,
    "Latitude": 43.3198648967351
  },
  {
    "name": "Ecole Malpasse Les Oliviers",
    "Categorie": "Ecoles maternelles",
    "Adresse 1": "4 avenue Saint Paul",
    "Adresse 2": "",
    "Code Postal": 13013,
    "Ville": "Marseille",
    "Numero de telephone": "04 91 66 28 32",
    "Email": "ecole.mat.malpasselesoliviers@cime.org",
    "Longitude": 5.40727896322846,
    "Latitude": 43.3286762552505
  },
  {
    "name": "Ecole Merlan Cerisaie",
    "Categorie": "Ecoles maternelles",
    "Adresse 1": "chemin du Bassin",
    "Adresse 2": "",
    "Code Postal": 13014,
    "Ville": "Marseille",
    "Numero de telephone": "04 91 98 10 74",
    "Email": "ecole.mat.merlancerisaie@cime.org",
    "Longitude": 5.40554253466615,
    "Latitude": 43.3393055877083
  },
  {
    "name": "Ecole Saint Barthelemy Les Flamants",
    "Categorie": "Ecoles maternelles",
    "Adresse 1": "64 Bd Alexandre Ansaldi",
    "Adresse 2": "",
    "Code Postal": 13014,
    "Ville": "Marseille",
    "Numero de telephone": "04 91 98 23 42",
    "Email": "ecole.mat.flamants@cime.org",
    "Longitude": 5.40336400511188,
    "Latitude": 43.3309719791082
  },
  {
    "name": "Ecole Aygalades Nouvelles",
    "Categorie": "Ecoles maternelles",
    "Adresse 1": "14 Bd Falque",
    "Adresse 2": "",
    "Code Postal": 13015,
    "Ville": "Marseille",
    "Numero de telephone": "04 91 60 77 68",
    "Email": "ecole.mat.aygaladesnouvelles@cime.org",
    "Longitude": 5.36679797876261,
    "Latitude": 43.3547161919224
  },
  {
    "name": "Ecole Parc Kalliste",
    "Categorie": "Ecoles maternelles",
    "Adresse 1": "Notre Dame Limite",
    "Adresse 2": "",
    "Code Postal": 13015,
    "Ville": "Marseille",
    "Numero de telephone": "04 91 51 37 85",
    "Email": "ecole.mat.parckalliste@cime.org",
    "Longitude": 5.36492753922607,
    "Latitude": 43.3864037983371
  },
  {
    "name": "Ecole Les Borels",
    "Categorie": "Ecoles maternelles",
    "Adresse 1": "3 boulevard Bellevue",
    "Adresse 2": "",
    "Code Postal": 13015,
    "Ville": "Marseille",
    "Numero de telephone": "04 91 60 02 39",
    "Email": "ecole.mat.lesborels@cime.org",
    "Longitude": 5.36685375188022,
    "Latitude": 43.3627017507726
  },
  {
    "name": "Ecole Aygalades Oasis",
    "Categorie": "Ecoles maternelles",
    "Adresse 1": "Traverse de l'ecole Oasis",
    "Adresse 2": "",
    "Code Postal": 13015,
    "Ville": "Marseille",
    "Numero de telephone": "04 91 60 06 52",
    "Email": "ecole.mat.aygaladesoasis@cime.org",
    "Longitude": 5.36809070968023,
    "Latitude": 43.3540137449262
  },
  {
    "name": "Ecole La Batarelle",
    "Categorie": "Ecoles maternelles",
    "Adresse 1": "rue de Lissandre",
    "Adresse 2": "",
    "Code Postal": 13014,
    "Ville": "Marseille",
    "Numero de telephone": "04 91 98 38 59",
    "Email": "ecole.mat.batarelle@cime.org",
    "Longitude": 5.41045490486606,
    "Latitude": 43.3561653208844
  },
  {
    "name": "Ecole Castellas Les Lions",
    "Categorie": "Ecoles maternelles",
    "Adresse 1": "10 avenue du Castellas",
    "Adresse 2": "",
    "Code Postal": 13015,
    "Ville": "Marseille",
    "Numero de telephone": "04 91 60 03 21",
    "Email": "ecole.mat.castellas@cime.org",
    "Longitude": 5.37731973433219,
    "Latitude": 43.3503238053453
  },
  {
    "name": "Ecole Graniere",
    "Categorie": "Ecoles maternelles",
    "Adresse 1": "Chemin des Baumillons",
    "Adresse 2": "",
    "Code Postal": 13015,
    "Ville": "Marseille",
    "Numero de telephone": "04 91 96 15 36",
    "Email": "ecole.mat.lagraniere@cime.org",
    "Longitude": 5.36741870115593,
    "Latitude": 43.3813963169425
  },
  {
    "name": "Ecole Solidarite 2",
    "Categorie": "Ecoles maternelles",
    "Adresse 1": "54 route du Vallon-Dol",
    "Adresse 2": "",
    "Code Postal": 13015,
    "Ville": "Marseille",
    "Numero de telephone": "04 91 51 45 37",
    "Email": "ecole.mat.solidarite2@cime.org",
    "Longitude": 5.37263930022461,
    "Latitude": 43.3881551660344
  },
  {
    "name": "Ecole Vallon Des Tuves",
    "Categorie": "Ecoles maternelles",
    "Adresse 1": "10 traverse Courtes",
    "Adresse 2": "",
    "Code Postal": 13015,
    "Ville": "Marseille",
    "Numero de telephone": "04 91 65 62 10",
    "Email": "ecole.mat.vallondestuves@cime.org",
    "Longitude": 5.36903664789155,
    "Latitude": 43.3717599537531
  },
  {
    "name": "Ecole Chateau Gombert Athena",
    "Categorie": "Ecoles maternelles",
    "Adresse 1": "13 rue Robert de Roux",
    "Adresse 2": "",
    "Code Postal": 13013,
    "Ville": "Marseille",
    "Numero de telephone": "04 91 61 81 52",
    "Email": "ecole.mat.chateaugombertathena@cime.org",
    "Longitude": 5.4446076230417,
    "Latitude": 43.3376150566031
  },
  {
    "name": "Ecole Saint Joseph Les Micocouliers",
    "Categorie": "Ecoles maternelles",
    "Adresse 1": "8 boulevard Roland Dorgeles",
    "Adresse 2": "",
    "Code Postal": 13014,
    "Ville": "Marseille",
    "Numero de telephone": "04 91 60 75 69",
    "Email": "ecole.mat.micocouliers@cime.org",
    "Longitude": 5.38010072281018,
    "Latitude": 43.3468113186849
  },
  {
    "name": "Ecole La Savine",
    "Categorie": "Ecoles maternelles",
    "Adresse 1": "99 Boulevard de la Savine",
    "Adresse 2": "",
    "Code Postal": 13015,
    "Ville": "Marseille",
    "Numero de telephone": "04 91 65 25 56",
    "Email": "ecole.mat.savine1@cime.org",
    "Longitude": 5.36861947905113,
    "Latitude": 43.3675769926611
  },
  {
    "name": "Ecole Capelette Cap Est",
    "Categorie": "Ecoles maternelles",
    "Adresse 1": "45 rue Charles Cerrato",
    "Adresse 2": "",
    "Code Postal": 13010,
    "Ville": "Marseille",
    "Numero de telephone": "04 91 16 72 20",
    "Email": "ecole.capest@cime.org",
    "Longitude": 5.39782459013688,
    "Latitude": 43.2816290157295
  },
  {
    "name": "Ecole Solidarite 1",
    "Categorie": "Ecoles maternelles",
    "Adresse 1": "44 chemin de la Bigote",
    "Adresse 2": "",
    "Code Postal": 13015,
    "Ville": "Marseille",
    "Numero de telephone": "04 91 51 46 17",
    "Email": "ecole.mat.solidarite1@cime.org",
    "Longitude": 5.37182952044199,
    "Latitude": 43.3880267038077
  },
  {
    "name": "Ecole Croix Rouge Village",
    "Categorie": "Ecoles maternelles",
    "Adresse 1": "36 boulevard Marcel Delprat",
    "Adresse 2": "",
    "Code Postal": 13013,
    "Ville": "Marseille",
    "Numero de telephone": "04 91 68 12 32",
    "Email": "ecole.croixrouge1@cime.org",
    "Longitude": 5.45502146138136,
    "Latitude": 43.3341470347031
  },
  {
    "name": "Ecole Saint Jerome Place",
    "Categorie": "Ecoles maternelles",
    "Adresse 1": "boulevard Auphan",
    "Adresse 2": "",
    "Code Postal": 13013,
    "Ville": "Marseille",
    "Numero de telephone": "04 91 66 40 17",
    "Email": "ecole.mat.saintjeromeplace@cime.org",
    "Longitude": 5.41937633401932,
    "Latitude": 43.3299790230244
  },
  {
    "name": "Ecole Capelette Curtel",
    "Categorie": "Ecoles maternelles",
    "Adresse 1": "72 rue Alfred Curtel",
    "Adresse 2": "",
    "Code Postal": 13010,
    "Ville": "Marseille",
    "Numero de telephone": "04 91 23 37 66",
    "Email": "ecole.capelettecurtel@cime.org",
    "Longitude": 5.40921305542877,
    "Latitude": 43.2762938330422
  },
  {
    "name": "Ecole Sainte Marthe-Audisio",
    "Categorie": "Ecoles maternelles",
    "Adresse 1": "Rue Gabriel Audisio",
    "Adresse 2": "",
    "Code Postal": 13014,
    "Ville": "Marseille",
    "Numero de telephone": "",
    "Email": "",
    "Longitude": 5.39962547912518,
    "Latitude": 43.3424951213521
  },
  {
    "name": "Ecole Rouet Charles Alle",
    "Categorie": "Ecoles maternelles",
    "Adresse 1": "Rue Rouet Charles Alle",
    "Adresse 2": "",
    "Code Postal": 13008,
    "Ville": "Marseille",
    "Numero de telephone": "",
    "Email": "",
    "Longitude": 5.39217320598174,
    "Latitude": 43.2797373959261
  },
  {
    "name": "Ecole Andre Allar",
    "Categorie": "Ecoles maternelles",
    "Adresse 1": "2 rue Andre Allar",
    "Adresse 2": "",
    "Code Postal": 13015,
    "Ville": "Marseille",
    "Numero de telephone": "",
    "Email": "",
    "Longitude": 5.36423404930952,
    "Latitude": 43.3242626438082
  },
  {
    "name": "Ecole Eoures",
    "Categorie": "Ecoles maternelles",
    "Adresse 1": "22 boulevard Notre Dame",
    "Adresse 2": "",
    "Code Postal": 13011,
    "Ville": "Marseille",
    "Numero de telephone": "04 91 43 01 25",
    "Email": "ecole.eoures@cime.org",
    "Longitude": 5.51962641676452,
    "Latitude": 43.3007490911346
  },
  {
    "name": "Ecole La Rosiere (Figone)",
    "Categorie": "Ecoles maternelles",
    "Adresse 1": "79 avenue de la Figone",
    "Adresse 2": "",
    "Code Postal": 13012,
    "Ville": "Marseille",
    "Numero de telephone": "04 91 93 00 40",
    "Email": "ecole.mat.figone@cime.org",
    "Longitude": 5.43857146211783,
    "Latitude": 43.3054991396261
  },
  {
    "name": "Ecole Pomme Heckel",
    "Categorie": "Ecoles maternelles",
    "Adresse 1": "24 Bd du Docteur Heckel",
    "Adresse 2": "",
    "Code Postal": 13011,
    "Ville": "Marseille",
    "Numero de telephone": "04 91 44 72 98",
    "Email": "ecole.mat.pommeheckel@cime.org",
    "Longitude": 5.44061216530112,
    "Latitude": 43.2891694022054
  },
  {
    "name": "Ecole Valbarelle",
    "Categorie": "Ecoles maternelles",
    "Adresse 1": "26 av de l'Abbe Lanfranchi",
    "Adresse 2": "",
    "Code Postal": 13011,
    "Ville": "Marseille",
    "Numero de telephone": "04 91 44 95 41",
    "Email": "ecole.mat.valbarelle@cime.org",
    "Longitude": 5.45480893817185,
    "Latitude": 43.2869020176609
  },
  {
    "name": "Ecole Jouvene Valentine",
    "Categorie": "Ecoles maternelles",
    "Adresse 1": "chemin des Accates",
    "Adresse 2": "",
    "Code Postal": 13011,
    "Ville": "Marseille",
    "Numero de telephone": "04 91 43 00 63",
    "Email": "ecole.mat.jouvene@cime.org",
    "Longitude": 5.48711323389075,
    "Latitude": 43.2985187386216
  },
  {
    "name": "Ecole Chanteperdrix",
    "Categorie": "Ecoles maternelles",
    "Adresse 1": "30 avenue Chanteperdrix",
    "Adresse 2": "",
    "Code Postal": 13010,
    "Ville": "Marseille",
    "Numero de telephone": "04 91 44 72 49",
    "Email": "ecole.mat.chanteperdrix@cime.org",
    "Longitude": 5.43109086092366,
    "Latitude": 43.276112841596
  },
  {
    "name": "Ecole Saint Marcel",
    "Categorie": "Ecoles maternelles",
    "Adresse 1": "14 rue Courencq",
    "Adresse 2": "",
    "Code Postal": 13011,
    "Ville": "Marseille",
    "Numero de telephone": "04 91 44 99 50",
    "Email": "ecole.mat.saintmarcel@cime.org",
    "Longitude": 5.46345118436513,
    "Latitude": 43.2860327801868
  },
  {
    "name": "Ecole Les Camoins",
    "Categorie": "Ecoles maternelles",
    "Adresse 1": "12 rue Centrale",
    "Adresse 2": "",
    "Code Postal": 13011,
    "Ville": "Marseille",
    "Numero de telephone": "04 91 43 07 28",
    "Email": "ecole.mat.camoins@cime.org",
    "Longitude": 5.5117047887649,
    "Latitude": 43.3012449569249
  },
  {
    "name": "Ecole La Barasse",
    "Categorie": "Ecoles maternelles",
    "Adresse 1": "16 boulevard Margaillan",
    "Adresse 2": "impasse Sauveur",
    "Code Postal": 13011,
    "Ville": "Marseille",
    "Numero de telephone": "04 91 36 12 13",
    "Email": "ecole.mat.barasse@cime.org",
    "Longitude": 5.48179692734675,
    "Latitude": 43.2834795413627
  },
  {
    "name": "Ecole Chateau Saint Jacques",
    "Categorie": "Ecoles maternelles",
    "Adresse 1": "56 bld de la Valbarelle",
    "Adresse 2": "",
    "Code Postal": 13011,
    "Ville": "Marseille",
    "Numero de telephone": "04 91 44 72 52",
    "Email": "ecole.mat.chateausaintjacques@cime.org",
    "Longitude": 5.4479871690419,
    "Latitude": 43.2848304176252
  },
  {
    "name": "Ecole La Maurelle-Jonquilles",
    "Categorie": "Ecoles maternelles",
    "Adresse 1": "170 chemin des Jonquilles",
    "Adresse 2": "",
    "Code Postal": 13013,
    "Ville": "Marseille",
    "Numero de telephone": "",
    "Email": "ecole.mat.jonquilles@cime.org",
    "Longitude": 5.43859075451581,
    "Latitude": 43.3208015958604
  }
]